dataset,population,partition,reachable_users,target_items,gap_coefficient_pp,ci95_low,ci95_high
clothing,all,valid,317,262,-4.309911553997013,-8.126584034154154,-0.4932390738398726
clothing,all,test,233,199,-6.877759855899614,-10.870541881033066,-2.884977830766161
clothing,tail,valid,69,63,-8.905075628538354,-18.177054725890226,0.36690346881351754
clothing,tail,test,54,49,-5.741917009001926,-15.7754919588514,4.291657940847547
clothing,head,valid,248,199,-3.432789807932609,-7.609834637769003,0.7442550219037849
clothing,head,test,179,150,-6.515991832387617,-10.784189578766924,-2.247794086008312
ml1m,all,valid,1227,572,-15.064833129870786,-18.11055546497341,-12.01911079476816
ml1m,all,test,1138,517,-15.440127833864539,-18.574347967275394,-12.305907700453686
ml1m,tail,valid,213,160,-14.097877238394727,-19.918503487242166,-8.277250989547287
ml1m,tail,test,196,135,-17.4840307541677,-23.412037698117498,-11.556023810217903
ml1m,head,valid,1014,412,-15.328587413784032,-18.89016876001659,-11.767006067551472
ml1m,head,test,942,382,-14.869897792842632,-18.268841628247596,-11.470953957437665
sports,all,valid,393,260,-6.831571794619327,-10.280923006933488,-3.3822205823051683
sports,all,test,309,223,-5.728899132097598,-8.871389557183534,-2.586408707011662
sports,tail,valid,41,34,-6.301843464944692,-14.309266981370024,1.70558005148064
sports,tail,test,34,33,-2.028002327457565,-6.093692235907604,2.037687580992474
sports,head,valid,352,226,-7.466396052041567,-11.540638740548435,-3.392153363534701
sports,head,test,275,190,-7.475382689089064,-11.223583092162693,-3.727182286015433
toys,all,valid,534,422,-5.992148174256417,-8.344079146274975,-3.6402172022378583
toys,all,test,415,313,-6.5737574577614435,-9.415701119326275,-3.731813796196612
toys,tail,valid,185,165,-4.676679634388957,-7.755829973457266,-1.5975292953206492
toys,tail,test,146,120,-4.052930926812078,-7.246799077273036,-0.8590627763511188
toys,head,valid,349,257,-9.51438521241666,-12.651389004104551,-6.377381420728769
toys,head,test,269,193,-14.203314591173404,-19.31741065011679,-9.089218532230017
