run,dataset,model,checkpoint_sha256,evaluation_precision,role,seed,sid_length,length_grouping,rule,method,n_users,R10,tailR10,headR10,N10,cov10,entropy,gini,hits,tail_users,overall_delta,overall_ci95,tail_delta,tail_ci95,source
lcrec_qwen1p5b_beauty_s1_compact/evaluation,beauty,Qwen2.5-1.5B+LoRA(seqrec),75ba5190017f2cdfff12108c16b8b77b8500f3f55035262d7b6c4bea17f60bfc,fp32,primary_or_baseline,1,3,True,raw,raw,5000,0.0728,0.024775583482944345,0.13318284424379231,0.0437420272912144,0.36963887282042807,0.7793685839246015,0.8903749838856293,364,2785,0,,0,,results/benchmark/runs/lcrec_qwen1p5b_beauty_s1_compact/evaluation/test_metrics.json
lcrec_qwen1p5b_beauty_s1_compact/evaluation,beauty,Qwen2.5-1.5B+LoRA(seqrec),75ba5190017f2cdfff12108c16b8b77b8500f3f55035262d7b6c4bea17f60bfc,fp32,primary_or_baseline,1,3,True,fixed_beta_0.75,geometric:0.75,5000,0.0714,0.029443447037701975,0.12415349887133183,0.042322090594118025,0.46277167176266426,0.8343586597403116,0.8320140748698455,357,2785,-0.0014,"[-0.005, 0.0022]",0.00466786355475763,"[0.001436265709156194, 0.008258527827648115]",results/benchmark/runs/lcrec_qwen1p5b_beauty_s1_compact/evaluation/test_metrics.json
lcrec_qwen1p5b_beauty_s1_compact/evaluation,beauty,Qwen2.5-1.5B+LoRA(seqrec),75ba5190017f2cdfff12108c16b8b77b8500f3f55035262d7b6c4bea17f60bfc,fp32,primary_or_baseline,1,3,True,strict,raw,5000,0.0728,0.024775583482944345,0.13318284424379231,0.0437420272912144,0.36963887282042807,0.7793685839246015,0.8903749838856293,364,2785,0,,0,,results/benchmark/runs/lcrec_qwen1p5b_beauty_s1_compact/evaluation/test_metrics.json
lcrec_qwen1p5b_beauty_s1_compact/evaluation,beauty,Qwen2.5-1.5B+LoRA(seqrec),75ba5190017f2cdfff12108c16b8b77b8500f3f55035262d7b6c4bea17f60bfc,fp32,primary_or_baseline,1,3,True,budget_5pct,geometric:0.5,5000,0.0726,0.029084380610412925,0.127313769751693,0.0435022438251843,0.4453350962730353,0.8237169454175507,0.8450424097182051,363,2785,-0.0002,"[-0.0034, 0.003]",0.004308797127468581,"[0.0017953321364452424, 0.00718132854578097]",results/benchmark/runs/lcrec_qwen1p5b_beauty_s1_compact/evaluation/test_metrics.json
lcrec_qwen1p5b_beauty_s1_compact/evaluation,beauty,Qwen2.5-1.5B+LoRA(seqrec),75ba5190017f2cdfff12108c16b8b77b8500f3f55035262d7b6c4bea17f60bfc,fp32,primary_or_baseline,1,3,True,simultaneous_ci_budget_5pct,geometric:0.25,5000,0.0736,0.02836624775583483,0.13047404063205417,0.04356221632980606,0.41376745723493924,0.8049137938342885,0.8657306900256178,368,2785,0.0008,"[-0.0016049999999999999, 0.0032]",0.003590664272890485,"[0.0017953321364452424, 0.006104129263913824]",results/benchmark/runs/lcrec_qwen1p5b_beauty_s1_compact/evaluation/test_metrics.json
lcrec_qwen3b_beauty_s1_compact/evaluation_fp32,beauty,Qwen2.5-3B-Instruct+LoRA(seqrec),2d90eae17a4e440fe996cd31e38b6989848eb0c4067cbfee4887c31e70ba9345,fp32,primary_or_baseline,1,3,True,raw,raw,5000,0.0668,0.02333931777378815,0.12144469525959369,0.039915967897959086,0.3945128501776713,0.7853214792427196,0.883021403189819,334,2785,0,,0,,results/benchmark/runs/lcrec_qwen3b_beauty_s1_compact/evaluation_fp32/test_metrics.json
lcrec_qwen3b_beauty_s1_compact/evaluation_fp32,beauty,Qwen2.5-3B-Instruct+LoRA(seqrec),2d90eae17a4e440fe996cd31e38b6989848eb0c4067cbfee4887c31e70ba9345,fp32,primary_or_baseline,1,3,True,fixed_beta_0.75,geometric:0.75,5000,0.0656,0.03159784560143627,0.10835214446952596,0.03848239368757709,0.504421122221304,0.848048458607741,0.8097199173622015,328,2785,-0.0012,"[-0.005, 0.0028]",0.008258527827648115,"[0.00466786355475763, 0.012208258527827648]",results/benchmark/runs/lcrec_qwen3b_beauty_s1_compact/evaluation_fp32/test_metrics.json
lcrec_qwen3b_beauty_s1_compact/evaluation_fp32,beauty,Qwen2.5-3B-Instruct+LoRA(seqrec),2d90eae17a4e440fe996cd31e38b6989848eb0c4067cbfee4887c31e70ba9345,fp32,primary_or_baseline,1,3,True,strict,geometric:0.25,5000,0.0664,0.024775583482944345,0.11873589164785553,0.039641272127700425,0.44723576563920336,0.8146319894407221,0.853035841665978,332,2785,-0.0004,"[-0.0026, 0.0016]",0.001436265709156194,"[-0.0003590664272890485, 0.003590664272890485]",results/benchmark/runs/lcrec_qwen3b_beauty_s1_compact/evaluation_fp32/test_metrics.json
lcrec_qwen3b_beauty_s1_compact/evaluation_fp32,beauty,Qwen2.5-3B-Instruct+LoRA(seqrec),2d90eae17a4e440fe996cd31e38b6989848eb0c4067cbfee4887c31e70ba9345,fp32,primary_or_baseline,1,3,True,budget_5pct,geometric:0.75,5000,0.0656,0.03159784560143627,0.10835214446952596,0.03848239368757709,0.504421122221304,0.848048458607741,0.8097199173622015,328,2785,-0.0012,"[-0.005, 0.0028]",0.008258527827648115,"[0.00466786355475763, 0.012208258527827648]",results/benchmark/runs/lcrec_qwen3b_beauty_s1_compact/evaluation_fp32/test_metrics.json
lcrec_qwen3b_beauty_s1_compact/evaluation_fp32,beauty,Qwen2.5-3B-Instruct+LoRA(seqrec),2d90eae17a4e440fe996cd31e38b6989848eb0c4067cbfee4887c31e70ba9345,fp32,primary_or_baseline,1,3,True,simultaneous_ci_budget_5pct,geometric:0.25,5000,0.0664,0.024775583482944345,0.11873589164785553,0.039641272127700425,0.44723576563920336,0.8146319894407221,0.853035841665978,332,2785,-0.0004,"[-0.0026, 0.0016]",0.001436265709156194,"[-0.0003590664272890485, 0.003590664272890485]",results/benchmark/runs/lcrec_qwen3b_beauty_s1_compact/evaluation_fp32/test_metrics.json
lcrec_smollm360m_clothing_s1/evaluation_fp32,clothing,SmolLM2-360M+LoRA(seqrec),20451e689ad0483ed8cf4b918297685b159da29342eb067f22c6d1606e44e69e,fp32,primary_or_baseline,1,3,True,raw,raw,5000,0.0228,0.009099772505687357,0.04472178887155486,0.011502052675244321,0.2343593973863587,0.7502956615703841,0.9289623461989319,114,3077,0,,0,,results/benchmark/runs/lcrec_smollm360m_clothing_s1/evaluation_fp32/test_metrics.json
lcrec_smollm360m_clothing_s1/evaluation_fp32,clothing,SmolLM2-360M+LoRA(seqrec),20451e689ad0483ed8cf4b918297685b159da29342eb067f22c6d1606e44e69e,fp32,primary_or_baseline,1,3,True,fixed_beta_0.75,geometric:0.75,5000,0.0246,0.012349691257718558,0.044201768070722826,0.011929740074211046,0.3226674770980767,0.813700517135206,0.877007570008249,123,3077,0.0018,"[-0.0008, 0.0044]",0.003249918752031199,"[0.0009749756256093598, 0.005849853753656159]",results/benchmark/runs/lcrec_smollm360m_clothing_s1/evaluation_fp32/test_metrics.json
lcrec_smollm360m_clothing_s1/evaluation_fp32,clothing,SmolLM2-360M+LoRA(seqrec),20451e689ad0483ed8cf4b918297685b159da29342eb067f22c6d1606e44e69e,fp32,primary_or_baseline,1,3,True,strict,raw,5000,0.0228,0.009099772505687357,0.04472178887155486,0.011502052675244321,0.2343593973863587,0.7502956615703841,0.9289623461989319,114,3077,0,,0,,results/benchmark/runs/lcrec_smollm360m_clothing_s1/evaluation_fp32/test_metrics.json
lcrec_smollm360m_clothing_s1/evaluation_fp32,clothing,SmolLM2-360M+LoRA(seqrec),20451e689ad0483ed8cf4b918297685b159da29342eb067f22c6d1606e44e69e,fp32,primary_or_baseline,1,3,True,budget_5pct,geometric:0.75,5000,0.0246,0.012349691257718558,0.044201768070722826,0.011929740074211046,0.3226674770980767,0.813700517135206,0.877007570008249,123,3077,0.0018,"[-0.0008, 0.0044]",0.003249918752031199,"[0.0009749756256093598, 0.005849853753656159]",results/benchmark/runs/lcrec_smollm360m_clothing_s1/evaluation_fp32/test_metrics.json
lcrec_smollm360m_clothing_s1/evaluation_fp32,clothing,SmolLM2-360M+LoRA(seqrec),20451e689ad0483ed8cf4b918297685b159da29342eb067f22c6d1606e44e69e,fp32,primary_or_baseline,1,3,True,simultaneous_ci_budget_5pct,raw,5000,0.0228,0.009099772505687357,0.04472178887155486,0.011502052675244321,0.2343593973863587,0.7502956615703841,0.9289623461989319,114,3077,0,,0,,results/benchmark/runs/lcrec_smollm360m_clothing_s1/evaluation_fp32/test_metrics.json
lcrec_smollm360m_games2023_s1/evaluation,games2023,SmolLM2-360M+LoRA(seqrec),0f571c2680ee1539d10da2503cc078c408b4071d0fa026c6ce6acf035bb5cc50,fp32,primary_or_baseline,1,4,True,raw,raw,5000,0.062,0.004904632152588556,0.09510268562401264,0.030759344643342432,0.13153990317038888,0.6197280672554804,0.975985594252694,310,1835,0,,0,,results/benchmark/runs/lcrec_smollm360m_games2023_s1/evaluation/test_metrics.json
lcrec_smollm360m_games2023_s1/evaluation,games2023,SmolLM2-360M+LoRA(seqrec),0f571c2680ee1539d10da2503cc078c408b4071d0fa026c6ce6acf035bb5cc50,fp32,primary_or_baseline,1,4,True,fixed_beta_0.75,geometric:0.75,5000,0.0596,0.004904632152588556,0.09131121642969985,0.029004674805084393,0.16148680306106514,0.6624744908104315,0.9658085678588162,298,1835,-0.0024,"[-0.005405, 0.0006]",0.0,"[-0.0027247956403269754, 0.0027247956403269754]",results/benchmark/runs/lcrec_smollm360m_games2023_s1/evaluation/test_metrics.json
lcrec_smollm360m_games2023_s1/evaluation,games2023,SmolLM2-360M+LoRA(seqrec),0f571c2680ee1539d10da2503cc078c408b4071d0fa026c6ce6acf035bb5cc50,fp32,primary_or_baseline,1,4,True,strict,raw,5000,0.062,0.004904632152588556,0.09510268562401264,0.030759344643342432,0.13153990317038888,0.6197280672554804,0.975985594252694,310,1835,0,,0,,results/benchmark/runs/lcrec_smollm360m_games2023_s1/evaluation/test_metrics.json
lcrec_smollm360m_games2023_s1/evaluation,games2023,SmolLM2-360M+LoRA(seqrec),0f571c2680ee1539d10da2503cc078c408b4071d0fa026c6ce6acf035bb5cc50,fp32,primary_or_baseline,1,4,True,budget_5pct,geometric:0.75,5000,0.0596,0.004904632152588556,0.09131121642969985,0.029004674805084393,0.16148680306106514,0.6624744908104315,0.9658085678588162,298,1835,-0.0024,"[-0.005405, 0.0006]",0.0,"[-0.0027247956403269754, 0.0027247956403269754]",results/benchmark/runs/lcrec_smollm360m_games2023_s1/evaluation/test_metrics.json
lcrec_smollm360m_games2023_s1/evaluation,games2023,SmolLM2-360M+LoRA(seqrec),0f571c2680ee1539d10da2503cc078c408b4071d0fa026c6ce6acf035bb5cc50,fp32,primary_or_baseline,1,4,True,simultaneous_ci_budget_5pct,raw,5000,0.062,0.004904632152588556,0.09510268562401264,0.030759344643342432,0.13153990317038888,0.6197280672554804,0.975985594252694,310,1835,0,,0,,results/benchmark/runs/lcrec_smollm360m_games2023_s1/evaluation/test_metrics.json
beauty_s0_l3/evaluation,beauty,TIGER,fee08ea283a5a0a93be07cd57c5ed55af7944e138775cde8592ca750dbd6c0f4,fp32,primary_or_baseline,0,3,True,raw,raw,5000,0.0574,0.012208258527827648,0.11422121896162528,0.03038539981209746,0.19700851169324848,0.7145695396779391,0.9435988034046773,287,2785,0,,0,,results/benchmark/runs/beauty_s0_l3/evaluation/test_metrics.json
beauty_s0_l3/evaluation,beauty,TIGER,fee08ea283a5a0a93be07cd57c5ed55af7944e138775cde8592ca750dbd6c0f4,fp32,primary_or_baseline,0,3,True,fixed_beta_0.75,geometric:0.75,5000,0.055,0.015080789946140035,0.10519187358916479,0.028788444780650253,0.26063961656061485,0.7631669929681598,0.9153586414345922,275,2785,-0.0024,"[-0.006, 0.0016]",0.002872531418312388,"[0.0003590664272890485, 0.005385996409335727]",results/benchmark/runs/beauty_s0_l3/evaluation/test_metrics.json
beauty_s0_l3/evaluation,beauty,TIGER,fee08ea283a5a0a93be07cd57c5ed55af7944e138775cde8592ca750dbd6c0f4,fp32,primary_or_baseline,0,3,True,strict,raw,5000,0.0574,0.012208258527827648,0.11422121896162528,0.03038539981209746,0.19700851169324848,0.7145695396779391,0.9435988034046773,287,2785,0,,0,,results/benchmark/runs/beauty_s0_l3/evaluation/test_metrics.json
beauty_s0_l3/evaluation,beauty,TIGER,fee08ea283a5a0a93be07cd57c5ed55af7944e138775cde8592ca750dbd6c0f4,fp32,primary_or_baseline,0,3,True,budget_5pct,geometric:0.75,5000,0.055,0.015080789946140035,0.10519187358916479,0.028788444780650253,0.26063961656061485,0.7631669929681598,0.9153586414345922,275,2785,-0.0024,"[-0.006, 0.0016]",0.002872531418312388,"[0.0003590664272890485, 0.005385996409335727]",results/benchmark/runs/beauty_s0_l3/evaluation/test_metrics.json
beauty_s0_l3/evaluation,beauty,TIGER,fee08ea283a5a0a93be07cd57c5ed55af7944e138775cde8592ca750dbd6c0f4,fp32,primary_or_baseline,0,3,True,simultaneous_ci_budget_5pct,geometric:0.1,5000,0.0584,0.012567324955116697,0.11602708803611739,0.030843464619730143,0.20758614990496654,0.7223724273285355,0.9396364135195439,292,2785,0.001,"[-0.0008, 0.0028]",0.0003590664272890485,"[0.0, 0.0010771992818671453]",results/benchmark/runs/beauty_s0_l3/evaluation/test_metrics.json
beauty_s1_l3/evaluation,beauty,TIGER,1cbfccd114bba3c94b70d56e238e6bd2d51e19353b68471879eba7f725642aad,fp32,primary_or_baseline,1,3,False,raw,raw,5000,0.0506,0.006104129263913824,0.10654627539503386,0.026240445307486867,0.11916370547888604,0.6587581992346712,0.967072638624907,253,2785,0,,0,,results/benchmark/runs/beauty_s1_l3/evaluation/test_metrics.json
beauty_s1_l3/evaluation,beauty,TIGER,1cbfccd114bba3c94b70d56e238e6bd2d51e19353b68471879eba7f725642aad,fp32,primary_or_baseline,1,3,False,fixed_beta_0.75,geometric:0.75,5000,0.0482,0.008617594254937163,0.09796839729119639,0.02470482479624007,0.14949177753904636,0.6962483891105917,0.9548611089992562,241,2785,-0.0024,"[-0.0058, 0.001]",0.0025134649910233393,"[0.0003590664272890485, 0.005026929982046679]",results/benchmark/runs/beauty_s1_l3/evaluation/test_metrics.json
beauty_s1_l3/evaluation,beauty,TIGER,1cbfccd114bba3c94b70d56e238e6bd2d51e19353b68471879eba7f725642aad,fp32,primary_or_baseline,1,3,False,strict,geometric:0.25,5000,0.0502,0.00718132854578097,0.10428893905191873,0.0258158565245436,0.1289149657053136,0.6720296589850896,0.9630006082141972,251,2785,-0.0004,"[-0.0026, 0.0018]",0.0010771992818671453,"[0.0, 0.0025134649910233393]",results/benchmark/runs/beauty_s1_l3/evaluation/test_metrics.json
beauty_s1_l3/evaluation,beauty,TIGER,1cbfccd114bba3c94b70d56e238e6bd2d51e19353b68471879eba7f725642aad,fp32,primary_or_baseline,1,3,False,budget_5pct,geometric:1.5,5000,0.0458,0.00933572710951526,0.09164785553047404,0.021134449532324663,0.1702338649698372,0.7193188838411637,0.9453257251466821,229,2785,-0.0048,"[-0.0094, -0.0006]",0.003231597845601436,"[0.0003590664272890485, 0.006104129263913824]",results/benchmark/runs/beauty_s1_l3/evaluation/test_metrics.json
beauty_s1_l3/evaluation,beauty,TIGER,1cbfccd114bba3c94b70d56e238e6bd2d51e19353b68471879eba7f725642aad,fp32,primary_or_baseline,1,3,False,simultaneous_ci_budget_5pct,geometric:0.25,5000,0.0502,0.00718132854578097,0.10428893905191873,0.0258158565245436,0.1289149657053136,0.6720296589850896,0.9630006082141972,251,2785,-0.0004,"[-0.0026, 0.0018]",0.0010771992818671453,"[0.0, 0.0025134649910233393]",results/benchmark/runs/beauty_s1_l3/evaluation/test_metrics.json
beauty_s1_l3_fast/evaluation,beauty,TIGER,4b2baadeea22600902bd52e14fc3956c29cf15bc2ef7482af2eafbc1d38b6f78,fp32,primary_or_baseline,1,3,True,raw,raw,5000,0.0556,0.008976660682226212,0.11422121896162528,0.028812456086751297,0.1910585901991571,0.707213018729128,0.9479693215436741,278,2785,0,,0,,results/benchmark/runs/beauty_s1_l3_fast/evaluation/test_metrics.json
beauty_s1_l3_fast/evaluation,beauty,TIGER,4b2baadeea22600902bd52e14fc3956c29cf15bc2ef7482af2eafbc1d38b6f78,fp32,primary_or_baseline,1,3,True,fixed_beta_0.75,geometric:0.75,5000,0.0532,0.01400359066427289,0.10248306997742664,0.02602146709983469,0.24807867118419966,0.7547822673838726,0.9216953045202876,266,2785,-0.0024,"[-0.0064, 0.0018]",0.005026929982046679,"[0.0021543985637342907, 0.008258527827648115]",results/benchmark/runs/beauty_s1_l3_fast/evaluation/test_metrics.json
beauty_s1_l3_fast/evaluation,beauty,TIGER,4b2baadeea22600902bd52e14fc3956c29cf15bc2ef7482af2eafbc1d38b6f78,fp32,primary_or_baseline,1,3,True,strict,geometric:0.25,5000,0.0566,0.011131059245960502,0.11376975169300226,0.028618078158239052,0.2113874886373027,0.7247674355889202,0.9394020956945707,283,2785,0.001,"[-0.0014, 0.0034]",0.0021543985637342907,"[0.0003590664272890485, 0.004308797127468581]",results/benchmark/runs/beauty_s1_l3_fast/evaluation/test_metrics.json
beauty_s1_l3_fast/evaluation,beauty,TIGER,4b2baadeea22600902bd52e14fc3956c29cf15bc2ef7482af2eafbc1d38b6f78,fp32,primary_or_baseline,1,3,True,budget_5pct,geometric:0.5,5000,0.0554,0.012567324955116697,0.109255079006772,0.02750903944524748,0.23303859185191306,0.7417658763907672,0.9298497677877862,277,2785,-0.0002,"[-0.0036, 0.003]",0.003590664272890485,"[0.0010771992818671453, 0.006463195691202872]",results/benchmark/runs/beauty_s1_l3_fast/evaluation/test_metrics.json
beauty_s1_l3_fast/evaluation,beauty,TIGER,4b2baadeea22600902bd52e14fc3956c29cf15bc2ef7482af2eafbc1d38b6f78,fp32,primary_or_baseline,1,3,True,simultaneous_ci_budget_5pct,geometric:0.25,5000,0.0566,0.011131059245960502,0.11376975169300226,0.028618078158239052,0.2113874886373027,0.7247674355889202,0.9394020956945707,283,2785,0.001,"[-0.0014, 0.0034]",0.0021543985637342907,"[0.0003590664272890485, 0.004308797127468581]",results/benchmark/runs/beauty_s1_l3_fast/evaluation/test_metrics.json
beauty_s1_l4/evaluation,beauty,TIGER,de0075df2e73266bd61609943def050ac0265dee077690bddf97c8f2da7920e1,fp32,primary_or_baseline,1,4,True,raw,raw,5000,0.0586,0.006463195691202872,0.12415349887133183,0.030558851185164247,0.15486323444343442,0.6829889692736703,0.9574886306916783,293,2785,0,,0,,results/benchmark/runs/beauty_s1_l4/evaluation/test_metrics.json
beauty_s1_l4/evaluation,beauty,TIGER,de0075df2e73266bd61609943def050ac0265dee077690bddf97c8f2da7920e1,fp32,primary_or_baseline,1,4,True,fixed_beta_0.75,geometric:0.75,5000,0.0542,0.010771992818671455,0.10880361173814898,0.02708550344571386,0.19535575572266756,0.7285474239094674,0.9384561606478803,271,2785,-0.0044,"[-0.0088, -0.0002]",0.004308797127468581,"[0.0017953321364452424, 0.00718132854578097]",results/benchmark/runs/beauty_s1_l4/evaluation/test_metrics.json
beauty_s1_l4/evaluation,beauty,TIGER,de0075df2e73266bd61609943def050ac0265dee077690bddf97c8f2da7920e1,fp32,primary_or_baseline,1,4,True,strict,raw,5000,0.0586,0.006463195691202872,0.12415349887133183,0.030558851185164247,0.15486323444343442,0.6829889692736703,0.9574886306916783,293,2785,0,,0,,results/benchmark/runs/beauty_s1_l4/evaluation/test_metrics.json
beauty_s1_l4/evaluation,beauty,TIGER,de0075df2e73266bd61609943def050ac0265dee077690bddf97c8f2da7920e1,fp32,primary_or_baseline,1,4,True,budget_5pct,geometric:0.1,5000,0.0586,0.006463195691202872,0.12415349887133183,0.030412500932272196,0.1618048095198744,0.690006249559989,0.9549143607966284,293,2785,0.0,"[-0.0014, 0.0014]",0.0,"[-0.0010771992818671453, 0.0010771992818671453]",results/benchmark/runs/beauty_s1_l4/evaluation/test_metrics.json
beauty_s1_l4/evaluation,beauty,TIGER,de0075df2e73266bd61609943def050ac0265dee077690bddf97c8f2da7920e1,fp32,primary_or_baseline,1,4,True,simultaneous_ci_budget_5pct,raw,5000,0.0586,0.006463195691202872,0.12415349887133183,0.030558851185164247,0.15486323444343442,0.6829889692736703,0.9574886306916783,293,2785,0,,0,,results/benchmark/runs/beauty_s1_l4/evaluation/test_metrics.json
beauty_s1_l6/evaluation,beauty,TIGER,5eb3e39fe2ade8670a380e1fd878ffc4f24d994969cca768f1e0519e17794700,fp32,primary_or_baseline,1,6,True,raw,raw,5000,0.0324,0.0021543985637342907,0.07042889390519187,0.016075789381684007,0.054540947029171144,0.5836023233980988,0.9848224510371044,162,2785,0,,0,,results/benchmark/runs/beauty_s1_l6/evaluation/test_metrics.json
beauty_s1_l6/evaluation,beauty,TIGER,5eb3e39fe2ade8670a380e1fd878ffc4f24d994969cca768f1e0519e17794700,fp32,primary_or_baseline,1,6,True,fixed_beta_0.75,geometric:0.75,5000,0.0344,0.003231597845601436,0.07358916478555305,0.01701087361551214,0.06544913643500537,0.612523207622046,0.9802315775555739,172,2785,0.002,"[-0.0006049999999999996, 0.0048]",0.0010771992818671453,"[0.0, 0.0025134649910233393]",results/benchmark/runs/beauty_s1_l6/evaluation/test_metrics.json
beauty_s1_l6/evaluation,beauty,TIGER,5eb3e39fe2ade8670a380e1fd878ffc4f24d994969cca768f1e0519e17794700,fp32,primary_or_baseline,1,6,True,strict,geometric:0.75,5000,0.0344,0.003231597845601436,0.07358916478555305,0.01701087361551214,0.06544913643500537,0.612523207622046,0.9802315775555739,172,2785,0.002,"[-0.0006049999999999996, 0.0048]",0.0010771992818671453,"[0.0, 0.0025134649910233393]",results/benchmark/runs/beauty_s1_l6/evaluation/test_metrics.json
beauty_s1_l6/evaluation,beauty,TIGER,5eb3e39fe2ade8670a380e1fd878ffc4f24d994969cca768f1e0519e17794700,fp32,primary_or_baseline,1,6,True,budget_5pct,geometric:0.75,5000,0.0344,0.003231597845601436,0.07358916478555305,0.01701087361551214,0.06544913643500537,0.612523207622046,0.9802315775555739,172,2785,0.002,"[-0.0006049999999999996, 0.0048]",0.0010771992818671453,"[0.0, 0.0025134649910233393]",results/benchmark/runs/beauty_s1_l6/evaluation/test_metrics.json
beauty_s1_l6/evaluation,beauty,TIGER,5eb3e39fe2ade8670a380e1fd878ffc4f24d994969cca768f1e0519e17794700,fp32,primary_or_baseline,1,6,True,simultaneous_ci_budget_5pct,geometric:0.1,5000,0.0322,0.0021543985637342907,0.06997742663656885,0.01611033987928574,0.056193702999752085,0.5875687356183366,0.9842751342864227,161,2785,-0.0002,"[-0.0012, 0.0006]",0.0,"[0.0, 0.0]",results/benchmark/runs/beauty_s1_l6/evaluation/test_metrics.json
beauty_s2_l3/evaluation,beauty,TIGER,c036cb1be0338e148aed920e6408cf97040b27c391425a1d5be405dd7c464b04,fp32,primary_or_baseline,2,3,True,raw,raw,5000,0.0564,0.00969479353680431,0.11512415349887133,0.03004695721454982,0.21039583505495413,0.7174206454805078,0.942157920832989,282,2785,0,,0,,results/benchmark/runs/beauty_s2_l3/evaluation/test_metrics.json
beauty_s2_l3/evaluation,beauty,TIGER,c036cb1be0338e148aed920e6408cf97040b27c391425a1d5be405dd7c464b04,fp32,primary_or_baseline,2,3,True,fixed_beta_0.75,geometric:0.75,5000,0.0532,0.013285457809694794,0.10338600451467268,0.02715529216700162,0.27187835716056524,0.7671293041878984,0.9119073960829683,266,2785,-0.0032,"[-0.007, 0.0004]",0.003590664272890485,"[0.000718132854578097, 0.006822262118491921]",results/benchmark/runs/beauty_s2_l3/evaluation/test_metrics.json
beauty_s2_l3/evaluation,beauty,TIGER,c036cb1be0338e148aed920e6408cf97040b27c391425a1d5be405dd7c464b04,fp32,primary_or_baseline,2,3,True,strict,raw,5000,0.0564,0.00969479353680431,0.11512415349887133,0.03004695721454982,0.21039583505495413,0.7174206454805078,0.942157920832989,282,2785,0,,0,,results/benchmark/runs/beauty_s2_l3/evaluation/test_metrics.json
beauty_s2_l3/evaluation,beauty,TIGER,c036cb1be0338e148aed920e6408cf97040b27c391425a1d5be405dd7c464b04,fp32,primary_or_baseline,2,3,True,budget_5pct,geometric:0.1,5000,0.057,0.010771992818671455,0.11512415349887133,0.03015546950788376,0.2184117015122717,0.724927840335899,0.9383461432939426,285,2785,0.0006,"[-0.0008049999999999997, 0.002004999999999973]",0.0010771992818671453,"[0.0, 0.0025134649910233393]",results/benchmark/runs/beauty_s2_l3/evaluation/test_metrics.json
beauty_s2_l3/evaluation,beauty,TIGER,c036cb1be0338e148aed920e6408cf97040b27c391425a1d5be405dd7c464b04,fp32,primary_or_baseline,2,3,True,simultaneous_ci_budget_5pct,geometric:0.1,5000,0.057,0.010771992818671455,0.11512415349887133,0.03015546950788376,0.2184117015122717,0.724927840335899,0.9383461432939426,285,2785,0.0006,"[-0.0008049999999999997, 0.002004999999999973]",0.0010771992818671453,"[0.0, 0.0025134649910233393]",results/benchmark/runs/beauty_s2_l3/evaluation/test_metrics.json
legacy_beauty_full,beauty,TIGER,baae4508d72676cf9768b2205cc04444d0d8a9809df635095ed59a3f30469a29,fp32,primary_or_baseline,unrecorded,3,,raw,raw,5000,0.049,0.00718132854578097,0.10158013544018059,0.024826558274223455,0.11189157920832989,0.6467280006852955,0.970827078753822,245,2785,0,,0,,results/benchmark/runs/legacy_beauty_full/test_metrics.json
legacy_beauty_full,beauty,TIGER,baae4508d72676cf9768b2205cc04444d0d8a9809df635095ed59a3f30469a29,fp32,primary_or_baseline,unrecorded,3,,fixed_beta_0.75,geometric:0.75,5000,0.0472,0.00933572710951526,0.09480812641083522,0.022789168410508365,0.13850095033468307,0.6829851695553655,0.9597919048012561,236,2785,-0.0018,"[-0.0054, 0.0016]",0.0021543985637342907,"[0.0, 0.004317773788150759]",results/benchmark/runs/legacy_beauty_full/test_metrics.json
legacy_beauty_full,beauty,TIGER,baae4508d72676cf9768b2205cc04444d0d8a9809df635095ed59a3f30469a29,fp32,primary_or_baseline,unrecorded,3,,strict,geometric:0.5,5000,0.0482,0.008617594254937163,0.09796839729119639,0.02404171852395277,0.1289149657053136,0.6713764343480284,0.9635983274109577,241,2785,-0.0008,"[-0.004, 0.0022]",0.001436265709156194,"[-0.0003590664272890485, 0.003590664272890485]",results/benchmark/runs/legacy_beauty_full/test_metrics.json
legacy_beauty_full,beauty,TIGER,baae4508d72676cf9768b2205cc04444d0d8a9809df635095ed59a3f30469a29,fp32,primary_or_baseline,unrecorded,3,,budget_5pct,geometric:1.0,5000,0.0476,0.00969479353680431,0.09525959367945824,0.02191541611965752,0.14998760433022065,0.6947666271401157,0.9556146896950666,238,2785,-0.0014,"[-0.0052, 0.0026]",0.0025134649910233393,"[0.0003590664272890485, 0.005026929982046679]",results/benchmark/runs/legacy_beauty_full/test_metrics.json
legacy_beauty_full,beauty,TIGER,baae4508d72676cf9768b2205cc04444d0d8a9809df635095ed59a3f30469a29,fp32,primary_or_baseline,unrecorded,3,,simultaneous_ci_budget_5pct,raw,5000,0.049,0.00718132854578097,0.10158013544018059,0.024826558274223455,0.11189157920832989,0.6467280006852955,0.970827078753822,245,2785,0,,0,,results/benchmark/runs/legacy_beauty_full/test_metrics.json
books2023_s1_l5/evaluation,books2023,TIGER,efb73231b66de5728eae2f9420689ac1c31b355360e3896f7d19b3aba8d3e7d1,fp32,primary_or_baseline,1,5,True,raw,raw,5000,0.0102,0.0024509803921568627,0.015540540540540541,0.005782586614779641,0.013594229421305976,0.5643555809181673,0.9964329694604525,51,2040,0,,0,,results/benchmark/runs/books2023_s1_l5/evaluation/test_metrics.json
books2023_s1_l5/evaluation,books2023,TIGER,efb73231b66de5728eae2f9420689ac1c31b355360e3896f7d19b3aba8d3e7d1,fp32,primary_or_baseline,1,5,True,fixed_beta_0.75,geometric:0.75,5000,0.0104,0.000980392156862745,0.016891891891891893,0.00583683525298324,0.01633327475493018,0.5847070950625965,0.9953088495807604,52,2040,0.0002,"[-0.0014, 0.0016]",-0.0014705882352941176,"[-0.003431372549019608, 0.0]",results/benchmark/runs/books2023_s1_l5/evaluation/test_metrics.json
books2023_s1_l5/evaluation,books2023,TIGER,efb73231b66de5728eae2f9420689ac1c31b355360e3896f7d19b3aba8d3e7d1,fp32,primary_or_baseline,1,5,True,strict,geometric:0.1,5000,0.01,0.00196078431372549,0.015540540540540541,0.00580027549333236,0.014028517582610698,0.5672041812574309,0.9962781080387748,50,2040,-0.0002,"[-0.001, 0.0004]",-0.0004901960784313725,"[-0.0014705882352941176, 0.0]",results/benchmark/runs/books2023_s1_l5/evaluation/test_metrics.json
books2023_s1_l5/evaluation,books2023,TIGER,efb73231b66de5728eae2f9420689ac1c31b355360e3896f7d19b3aba8d3e7d1,fp32,primary_or_baseline,1,5,True,budget_5pct,geometric:0.1,5000,0.01,0.00196078431372549,0.015540540540540541,0.00580027549333236,0.014028517582610698,0.5672041812574309,0.9962781080387748,50,2040,-0.0002,"[-0.001, 0.0004]",-0.0004901960784313725,"[-0.0014705882352941176, 0.0]",results/benchmark/runs/books2023_s1_l5/evaluation/test_metrics.json
books2023_s1_l5/evaluation,books2023,TIGER,efb73231b66de5728eae2f9420689ac1c31b355360e3896f7d19b3aba8d3e7d1,fp32,primary_or_baseline,1,5,True,simultaneous_ci_budget_5pct,geometric:0.1,5000,0.01,0.00196078431372549,0.015540540540540541,0.00580027549333236,0.014028517582610698,0.5672041812574309,0.9962781080387748,50,2040,-0.0002,"[-0.001, 0.0004]",-0.0004901960784313725,"[-0.0014705882352941176, 0.0]",results/benchmark/runs/books2023_s1_l5/evaluation/test_metrics.json
clothing_s0_l3/evaluation,clothing,TIGER,ddc6209df0893a1680842ed79c2cefc2bd21d36b55d1b40c679fb2410e46bbc0,fp32,primary_or_baseline,0,3,True,raw,raw,5000,0.0162,0.004549886252843679,0.034841393655746226,0.008280293725943256,0.09855424825250728,0.6590113886155875,0.9733563669517649,81,3077,0,,0,,results/benchmark/runs/clothing_s0_l3/evaluation/test_metrics.json
clothing_s0_l3/evaluation,clothing,TIGER,ddc6209df0893a1680842ed79c2cefc2bd21d36b55d1b40c679fb2410e46bbc0,fp32,primary_or_baseline,0,3,True,fixed_beta_0.75,geometric:0.75,5000,0.0162,0.005849853753656159,0.0327613104524181,0.007904802809340973,0.1289020101593366,0.7040839113781164,0.9597194790083793,81,3077,0.0,"[-0.002, 0.0018]",0.0012999675008124798,"[0.0, 0.0029249268768280793]",results/benchmark/runs/clothing_s0_l3/evaluation/test_metrics.json
clothing_s0_l3/evaluation,clothing,TIGER,ddc6209df0893a1680842ed79c2cefc2bd21d36b55d1b40c679fb2410e46bbc0,fp32,primary_or_baseline,0,3,True,strict,geometric:1.0,5000,0.0152,0.005199870003249919,0.031201248049921998,0.007562442335984199,0.13910476273173272,0.7170582759574422,0.9546652246776365,76,3077,-0.001,"[-0.0032, 0.001]",0.0006499837504062399,"[-0.0009749756256093598, 0.0022749431264218393]",results/benchmark/runs/clothing_s0_l3/evaluation/test_metrics.json
clothing_s0_l3/evaluation,clothing,TIGER,ddc6209df0893a1680842ed79c2cefc2bd21d36b55d1b40c679fb2410e46bbc0,fp32,primary_or_baseline,0,3,True,budget_5pct,geometric:1.0,5000,0.0152,0.005199870003249919,0.031201248049921998,0.007562442335984199,0.13910476273173272,0.7170582759574422,0.9546652246776365,76,3077,-0.001,"[-0.0032, 0.001]",0.0006499837504062399,"[-0.0009749756256093598, 0.0022749431264218393]",results/benchmark/runs/clothing_s0_l3/evaluation/test_metrics.json
clothing_s0_l3/evaluation,clothing,TIGER,ddc6209df0893a1680842ed79c2cefc2bd21d36b55d1b40c679fb2410e46bbc0,fp32,primary_or_baseline,0,3,True,simultaneous_ci_budget_5pct,geometric:0.1,5000,0.0162,0.004549886252843679,0.034841393655746226,0.008138428962151709,0.10211435766074763,0.665380993212901,0.9717260469760778,81,3077,0.0,"[-0.0008, 0.0008]",0.0,"[0.0, 0.0]",results/benchmark/runs/clothing_s0_l3/evaluation/test_metrics.json
clothing_s1_l3/evaluation,clothing,TIGER,11e1132e1e1ebfe1b88320150294190af90baabd28df61ff3b521472dc3260bb,fp32,primary_or_baseline,1,3,False,raw,raw,5000,0.016,0.004224894377640559,0.034841393655746226,0.007960422667525934,0.11175270264403248,0.6711448340830545,0.9692774019884514,80,3077,0,,0,,results/benchmark/runs/clothing_s1_l3/evaluation/test_metrics.json
clothing_s1_l3/evaluation,clothing,TIGER,11e1132e1e1ebfe1b88320150294190af90baabd28df61ff3b521472dc3260bb,fp32,primary_or_baseline,1,3,False,fixed_beta_0.75,geometric:0.75,5000,0.0164,0.004549886252843679,0.03536141445657826,0.007934328666208515,0.15212955324968525,0.7246777280199915,0.9501223757217905,82,3077,0.0004,"[-0.002, 0.0026]",0.00032499187520311994,"[-0.0009749756256093598, 0.0016249593760155996]",results/benchmark/runs/clothing_s1_l3/evaluation/test_metrics.json
clothing_s1_l3/evaluation,clothing,TIGER,11e1132e1e1ebfe1b88320150294190af90baabd28df61ff3b521472dc3260bb,fp32,primary_or_baseline,1,3,False,strict,geometric:2.0,5000,0.0168,0.006499837504062398,0.033281331253250133,0.008078018193161215,0.18846871879477273,0.7664962779755337,0.9274305578951939,84,3077,0.0008,"[-0.0026, 0.0042]",0.0022749431264218393,"[0.0, 0.004549886252843679]",results/benchmark/runs/clothing_s1_l3/evaluation/test_metrics.json
clothing_s1_l3/evaluation,clothing,TIGER,11e1132e1e1ebfe1b88320150294190af90baabd28df61ff3b521472dc3260bb,fp32,primary_or_baseline,1,3,False,budget_5pct,geometric:2.0,5000,0.0168,0.006499837504062398,0.033281331253250133,0.008078018193161215,0.18846871879477273,0.7664962779755337,0.9274305578951939,84,3077,0.0008,"[-0.0026, 0.0042]",0.0022749431264218393,"[0.0, 0.004549886252843679]",results/benchmark/runs/clothing_s1_l3/evaluation/test_metrics.json
clothing_s1_l3/evaluation,clothing,TIGER,11e1132e1e1ebfe1b88320150294190af90baabd28df61ff3b521472dc3260bb,fp32,primary_or_baseline,1,3,False,simultaneous_ci_budget_5pct,geometric:2.0,5000,0.0168,0.006499837504062398,0.033281331253250133,0.008078018193161215,0.18846871879477273,0.7664962779755337,0.9274305578951939,84,3077,0.0008,"[-0.0026, 0.0042]",0.0022749431264218393,"[0.0, 0.004549886252843679]",results/benchmark/runs/clothing_s1_l3/evaluation/test_metrics.json
clothing_s1_l3_fast/evaluation,clothing,TIGER,1d6ec71ed458c06b458ca0ac3909a7dfdd4020ab75c0a0377aa45ce4b119b14e,fp32,primary_or_baseline,1,3,True,raw,raw,5000,0.0166,0.005199870003249919,0.034841393655746226,0.008809581821718789,0.13502366170277427,0.7022401301617475,0.9598618312855468,83,3077,0,,0,,results/benchmark/runs/clothing_s1_l3_fast/evaluation/test_metrics.json
clothing_s1_l3_fast/evaluation,clothing,TIGER,1d6ec71ed458c06b458ca0ac3909a7dfdd4020ab75c0a0377aa45ce4b119b14e,fp32,primary_or_baseline,1,3,True,fixed_beta_0.75,geometric:0.75,5000,0.0186,0.006174845628859279,0.03848153926157046,0.009796200488428164,0.1816958277254374,0.7506674726431214,0.9368608500846611,93,3077,0.002,"[-0.0002, 0.0042]",0.0009749756256093598,"[-0.0006499837504062399, 0.0025999350016249595]",results/benchmark/runs/clothing_s1_l3_fast/evaluation/test_metrics.json
clothing_s1_l3_fast/evaluation,clothing,TIGER,1d6ec71ed458c06b458ca0ac3909a7dfdd4020ab75c0a0377aa45ce4b119b14e,fp32,primary_or_baseline,1,3,True,strict,raw,5000,0.0166,0.005199870003249919,0.034841393655746226,0.008809581821718789,0.13502366170277427,0.7022401301617475,0.9598618312855468,83,3077,0,,0,,results/benchmark/runs/clothing_s1_l3_fast/evaluation/test_metrics.json
clothing_s1_l3_fast/evaluation,clothing,TIGER,1d6ec71ed458c06b458ca0ac3909a7dfdd4020ab75c0a0377aa45ce4b119b14e,fp32,primary_or_baseline,1,3,True,budget_5pct,geometric:0.75,5000,0.0186,0.006174845628859279,0.03848153926157046,0.009796200488428164,0.1816958277254374,0.7506674726431214,0.9368608500846611,93,3077,0.002,"[-0.0002, 0.0042]",0.0009749756256093598,"[-0.0006499837504062399, 0.0025999350016249595]",results/benchmark/runs/clothing_s1_l3_fast/evaluation/test_metrics.json
clothing_s1_l3_fast/evaluation,clothing,TIGER,1d6ec71ed458c06b458ca0ac3909a7dfdd4020ab75c0a0377aa45ce4b119b14e,fp32,primary_or_baseline,1,3,True,simultaneous_ci_budget_5pct,raw,5000,0.0166,0.005199870003249919,0.034841393655746226,0.008809581821718789,0.13502366170277427,0.7022401301617475,0.9598618312855468,83,3077,0,,0,,results/benchmark/runs/clothing_s1_l3_fast/evaluation/test_metrics.json
clothing_s2_l3/evaluation,clothing,TIGER,053093085fd49711cd1541744d20a35d59d0f70aea435c72d99ee84430621d81,fp32,primary_or_baseline,2,3,True,raw,raw,5000,0.0158,0.004874878128046799,0.033281331253250133,0.007452860408732641,0.08908956714279512,0.6469866178196291,0.9759980497546997,79,3077,0,,0,,results/benchmark/runs/clothing_s2_l3/evaluation/test_metrics.json
clothing_s2_l3/evaluation,clothing,TIGER,053093085fd49711cd1541744d20a35d59d0f70aea435c72d99ee84430621d81,fp32,primary_or_baseline,2,3,True,fixed_beta_0.75,geometric:0.75,5000,0.0158,0.005849853753656159,0.031721268850754034,0.007143396557006867,0.11943732904962445,0.6943235192997741,0.9632871219554552,79,3077,0.0,"[-0.002, 0.002]",0.0009749756256093598,"[-0.0006499837504062399, 0.0025999350016249595]",results/benchmark/runs/clothing_s2_l3/evaluation/test_metrics.json
clothing_s2_l3/evaluation,clothing,TIGER,053093085fd49711cd1541744d20a35d59d0f70aea435c72d99ee84430621d81,fp32,primary_or_baseline,2,3,True,strict,geometric:0.5,5000,0.015,0.004874878128046799,0.031201248049921998,0.007037835950193742,0.10893066469847609,0.6799062527463682,0.9676952858941519,75,3077,-0.0008,"[-0.0024, 0.0006]",0.0,"[-0.0009749756256093598, 0.0009749756256093598]",results/benchmark/runs/clothing_s2_l3/evaluation/test_metrics.json
clothing_s2_l3/evaluation,clothing,TIGER,053093085fd49711cd1541744d20a35d59d0f70aea435c72d99ee84430621d81,fp32,primary_or_baseline,2,3,True,budget_5pct,geometric:0.75,5000,0.0158,0.005849853753656159,0.031721268850754034,0.007143396557006867,0.11943732904962445,0.6943235192997741,0.9632871219554552,79,3077,0.0,"[-0.002, 0.002]",0.0009749756256093598,"[-0.0006499837504062399, 0.0025999350016249595]",results/benchmark/runs/clothing_s2_l3/evaluation/test_metrics.json
clothing_s2_l3/evaluation,clothing,TIGER,053093085fd49711cd1541744d20a35d59d0f70aea435c72d99ee84430621d81,fp32,primary_or_baseline,2,3,True,simultaneous_ci_budget_5pct,raw,5000,0.0158,0.004874878128046799,0.033281331253250133,0.007452860408732641,0.08908956714279512,0.6469866178196291,0.9759980497546997,79,3077,0,,0,,results/benchmark/runs/clothing_s2_l3/evaluation/test_metrics.json
games2023_s1_l4/evaluation,games2023,TIGER,bad8f41986b92fe9773d27781cbea84e7c6871d965af83e312fe88440294a8ea,fp32,primary_or_baseline,1,4,True,raw,raw,5000,0.0634,0.0027247956403269754,0.0985781990521327,0.03276690317694967,0.0839450257691707,0.5977887789475823,0.9838128674059035,317,1835,0,,0,,results/benchmark/runs/games2023_s1_l4/evaluation/test_metrics.json
games2023_s1_l4/evaluation,games2023,TIGER,bad8f41986b92fe9773d27781cbea84e7c6871d965af83e312fe88440294a8ea,fp32,primary_or_baseline,1,4,True,fixed_beta_0.75,geometric:0.75,5000,0.0608,0.004359673024523161,0.09352290679304898,0.030614422562650942,0.10081211931906918,0.6329495400684515,0.9780877932219272,304,1835,-0.0026,"[-0.006, 0.0006]",0.0016348773841961854,"[-0.0005449591280653951, 0.004359673024523161]",results/benchmark/runs/games2023_s1_l4/evaluation/test_metrics.json
games2023_s1_l4/evaluation,games2023,TIGER,bad8f41986b92fe9773d27781cbea84e7c6871d965af83e312fe88440294a8ea,fp32,primary_or_baseline,1,4,True,strict,geometric:0.1,5000,0.0634,0.0027247956403269754,0.0985781990521327,0.032733082375510786,0.08644385444322973,0.6023344405545505,0.9831043464001249,317,1835,0.0,"[-0.001, 0.001]",0.0,"[0.0, 0.0]",results/benchmark/runs/games2023_s1_l4/evaluation/test_metrics.json
games2023_s1_l4/evaluation,games2023,TIGER,bad8f41986b92fe9773d27781cbea84e7c6871d965af83e312fe88440294a8ea,fp32,primary_or_baseline,1,4,True,budget_5pct,geometric:1.0,5000,0.062,0.004904632152588556,0.09510268562401264,0.030859843189201097,0.10655161642979853,0.6428460120960139,0.976188352334843,310,1835,-0.0014,"[-0.005, 0.0022]",0.0021798365122615805,"[0.0, 0.004904632152588556]",results/benchmark/runs/games2023_s1_l4/evaluation/test_metrics.json
games2023_s1_l4/evaluation,games2023,TIGER,bad8f41986b92fe9773d27781cbea84e7c6871d965af83e312fe88440294a8ea,fp32,primary_or_baseline,1,4,True,simultaneous_ci_budget_5pct,geometric:0.1,5000,0.0634,0.0027247956403269754,0.0985781990521327,0.032733082375510786,0.08644385444322973,0.6023344405545505,0.9831043464001249,317,1835,0.0,"[-0.001, 0.001]",0.0,"[0.0, 0.0]",results/benchmark/runs/games2023_s1_l4/evaluation/test_metrics.json
ml1m_s1_l4/evaluation,ml1m,TIGER,187e30c6da2d39b89ddefcb6c95957e5b502c89571bc33b691261d8e9124ac60,fp32,primary_or_baseline,1,4,True,raw,raw,5000,0.1462,0.05282051282051282,0.20590163934426228,0.0773994344276432,0.3569886670264436,0.7875232233783099,0.8683419643820831,731,1950,0,,0,,results/benchmark/runs/ml1m_s1_l4/evaluation/test_metrics.json
ml1m_s1_l4/evaluation,ml1m,TIGER,187e30c6da2d39b89ddefcb6c95957e5b502c89571bc33b691261d8e9124ac60,fp32,primary_or_baseline,1,4,True,fixed_beta_0.75,geometric:0.75,5000,0.1494,0.06820512820512821,0.20131147540983607,0.0778518700373619,0.39989206691851054,0.8080363513752366,0.8449135995682677,747,1950,0.0032,"[-0.0014, 0.0078]",0.015384615384615385,"[0.009230769230769232, 0.02205128205128205]",results/benchmark/runs/ml1m_s1_l4/evaluation/test_metrics.json
ml1m_s1_l4/evaluation,ml1m,TIGER,187e30c6da2d39b89ddefcb6c95957e5b502c89571bc33b691261d8e9124ac60,fp32,primary_or_baseline,1,4,True,strict,raw,5000,0.1462,0.05282051282051282,0.20590163934426228,0.0773994344276432,0.3569886670264436,0.7875232233783099,0.8683419643820831,731,1950,0,,0,,results/benchmark/runs/ml1m_s1_l4/evaluation/test_metrics.json
ml1m_s1_l4/evaluation,ml1m,TIGER,187e30c6da2d39b89ddefcb6c95957e5b502c89571bc33b691261d8e9124ac60,fp32,primary_or_baseline,1,4,True,budget_5pct,geometric:1.0,5000,0.1484,0.07333333333333333,0.19639344262295083,0.07735843254676458,0.4101457096600108,0.8120287270264409,0.8398740420939018,742,1950,0.0022,"[-0.003205, 0.0076]",0.020512820512820513,"[0.013846153846153847, 0.027692307692307693]",results/benchmark/runs/ml1m_s1_l4/evaluation/test_metrics.json
ml1m_s1_l4/evaluation,ml1m,TIGER,187e30c6da2d39b89ddefcb6c95957e5b502c89571bc33b691261d8e9124ac60,fp32,primary_or_baseline,1,4,True,simultaneous_ci_budget_5pct,geometric:0.5,5000,0.1484,0.06512820512820512,0.20163934426229507,0.07861077430798655,0.38936859147328656,0.8026144226551396,0.8515753372908796,742,1950,0.0022,"[-0.002, 0.006]",0.012307692307692308,"[0.006666666666666667, 0.01796153846153839]",results/benchmark/runs/ml1m_s1_l4/evaluation/test_metrics.json
sports_s1_l3/evaluation,sports,TIGER,070893296b0e1e44e2f4dbcc0c9e07070fd08432c5f246585977d8aa232d3782,fp32,primary_or_baseline,1,3,True,raw,raw,5000,0.0268,0.0035236081747709656,0.05735430157261795,0.013418732793313924,0.09184507272430135,0.6325007011061777,0.9777184202211691,134,2838,0,,0,,results/benchmark/runs/sports_s1_l3/evaluation/test_metrics.json
sports_s1_l3/evaluation,sports,TIGER,070893296b0e1e44e2f4dbcc0c9e07070fd08432c5f246585977d8aa232d3782,fp32,primary_or_baseline,1,3,True,fixed_beta_0.75,geometric:0.75,5000,0.0276,0.005637773079633545,0.056429232192414434,0.01430370872991237,0.12349512447567686,0.683352156534879,0.964556916707523,138,2838,0.0008,"[-0.0024, 0.004]",0.0021141649048625794,"[0.0, 0.004237138830162038]",results/benchmark/runs/sports_s1_l3/evaluation/test_metrics.json
sports_s1_l3/evaluation,sports,TIGER,070893296b0e1e44e2f4dbcc0c9e07070fd08432c5f246585977d8aa232d3782,fp32,primary_or_baseline,1,3,True,strict,geometric:0.5,5000,0.0278,0.0045806906272022555,0.058279370952821465,0.014072706167610693,0.1124366726589312,0.6680109409505068,0.9690995522144141,139,2838,0.001,"[-0.0016, 0.0036]",0.0010570824524312897,"[-0.00035236081747709656, 0.0028188865398167725]",results/benchmark/runs/sports_s1_l3/evaluation/test_metrics.json
sports_s1_l3/evaluation,sports,TIGER,070893296b0e1e44e2f4dbcc0c9e07070fd08432c5f246585977d8aa232d3782,fp32,primary_or_baseline,1,3,True,budget_5pct,geometric:1.0,5000,0.027,0.005990133897110641,0.0545790934320074,0.014518159284719837,0.1323200958762325,0.6962817386230516,0.9603254191861416,135,2838,0.0002,"[-0.0032, 0.0036]",0.0024665257223396757,"[0.00035236081747709656, 0.004933051444679351]",results/benchmark/runs/sports_s1_l3/evaluation/test_metrics.json
sports_s1_l3/evaluation,sports,TIGER,070893296b0e1e44e2f4dbcc0c9e07070fd08432c5f246585977d8aa232d3782,fp32,primary_or_baseline,1,3,True,simultaneous_ci_budget_5pct,geometric:0.1,5000,0.0262,0.003171247357293869,0.056429232192414434,0.013421864818377512,0.09582175736776162,0.6393208134207353,0.9762478291659857,131,2838,-0.0006,"[-0.0018, 0.0004]",-0.00035236081747709656,"[-0.0010570824524312897, 0.0]",results/benchmark/runs/sports_s1_l3/evaluation/test_metrics.json
toys_s1_l3/evaluation,toys,TIGER,36d0e52dc24873f9a3c58690bed6af46dbdc313b8b2e8f00ca7ff4d4e1ec024a,fp32,primary_or_baseline,1,3,True,raw,raw,5000,0.0508,0.024242424242424242,0.09544235924932976,0.02606140744780273,0.2896678966789668,0.7600805414224994,0.9115159946326736,254,3135,0,,0,,results/benchmark/runs/toys_s1_l3/evaluation/test_metrics.json
toys_s1_l3/evaluation,toys,TIGER,36d0e52dc24873f9a3c58690bed6af46dbdc313b8b2e8f00ca7ff4d4e1ec024a,fp32,primary_or_baseline,1,3,True,fixed_beta_0.75,geometric:0.75,5000,0.0522,0.03062200956937799,0.08847184986595175,0.026734778646191008,0.3407413619590741,0.7991173965332987,0.8793413552499162,261,3135,0.0014,"[-0.0028, 0.0052]",0.006379585326953748,"[0.002551834130781499, 0.010526315789473684]",results/benchmark/runs/toys_s1_l3/evaluation/test_metrics.json
toys_s1_l3/evaluation,toys,TIGER,36d0e52dc24873f9a3c58690bed6af46dbdc313b8b2e8f00ca7ff4d4e1ec024a,fp32,primary_or_baseline,1,3,True,strict,geometric:0.75,5000,0.0522,0.03062200956937799,0.08847184986595175,0.026734778646191008,0.3407413619590741,0.7991173965332987,0.8793413552499162,261,3135,0.0014,"[-0.0028, 0.0052]",0.006379585326953748,"[0.002551834130781499, 0.010526315789473684]",results/benchmark/runs/toys_s1_l3/evaluation/test_metrics.json
toys_s1_l3/evaluation,toys,TIGER,36d0e52dc24873f9a3c58690bed6af46dbdc313b8b2e8f00ca7ff4d4e1ec024a,fp32,primary_or_baseline,1,3,True,budget_5pct,geometric:1.5,5000,0.0488,0.03221690590111643,0.07667560321715818,0.02515474172896919,0.35994632673599464,0.8129637654364302,0.8651020161019792,244,3135,-0.002,"[-0.0068, 0.0026]",0.007974481658692184,"[0.003189792663476874, 0.012448165869218457]",results/benchmark/runs/toys_s1_l3/evaluation/test_metrics.json
toys_s1_l3/evaluation,toys,TIGER,36d0e52dc24873f9a3c58690bed6af46dbdc313b8b2e8f00ca7ff4d4e1ec024a,fp32,primary_or_baseline,1,3,True,simultaneous_ci_budget_5pct,geometric:0.1,5000,0.0508,0.02456140350877193,0.09490616621983915,0.026259323301351355,0.2988929889298893,0.7669361835302306,0.906459694733311,254,3135,0.0,"[-0.0016, 0.0014]",0.0003189792663476874,"[-0.0009569377990430622, 0.001594896331738437]",results/benchmark/runs/toys_s1_l3/evaluation/test_metrics.json
hstu_beauty_s1,beauty,hstu,815be2fba4c7e7b17d55ea188885bfe3eb718129e86c12f9273f984509a6bbf5,float32,primary_or_baseline,1,n/a,,raw,raw,5000,0.0696,0.022980251346499104,0.12821670428893905,0.04240374143526352,0.411618874473184,0.7782215125056522,0.8833357474588877,348,2785,0,,0,,results/benchmark/runs/hstu_beauty_s1/test_metrics.json
hstu_beauty_s1,beauty,hstu,815be2fba4c7e7b17d55ea188885bfe3eb718129e86c12f9273f984509a6bbf5,float32,primary_or_baseline,1,n/a,,fixed_beta_0.75,geometric:0.75,5000,0.065,0.03375224416517056,0.10428893905191873,0.03927820345334576,0.5669779357077928,0.8653790391609899,0.7735958945541691,325,2785,-0.0046,"[-0.0092, -0.0004]",0.010771992818671455,"[0.006822262118491921, 0.015439856373429085]",results/benchmark/runs/hstu_beauty_s1/test_metrics.json
hstu_beauty_s1,beauty,hstu,815be2fba4c7e7b17d55ea188885bfe3eb718129e86c12f9273f984509a6bbf5,float32,primary_or_baseline,1,n/a,,strict,raw,5000,0.0696,0.022980251346499104,0.12821670428893905,0.04240374143526352,0.411618874473184,0.7782215125056522,0.8833357474588877,348,2785,0,,0,,results/benchmark/runs/hstu_beauty_s1/test_metrics.json
hstu_beauty_s1,beauty,hstu,815be2fba4c7e7b17d55ea188885bfe3eb718129e86c12f9273f984509a6bbf5,float32,primary_or_baseline,1,n/a,,budget_5pct,geometric:0.5,5000,0.0666,0.029084380610412925,0.11376975169300226,0.04050549726951125,0.5299562019667796,0.8470155051786019,0.803225677216759,333,2785,-0.003,"[-0.006405, 0.0008]",0.006104129263913824,"[0.002872531418312388, 0.00969479353680431]",results/benchmark/runs/hstu_beauty_s1/test_metrics.json
hstu_beauty_s1,beauty,hstu,815be2fba4c7e7b17d55ea188885bfe3eb718129e86c12f9273f984509a6bbf5,float32,primary_or_baseline,1,n/a,,simultaneous_ci_budget_5pct,geometric:0.25,5000,0.0694,0.026929982046678635,0.12279909706546276,0.04236342909541116,0.47434096355673083,0.8162618589466928,0.8443123675729278,347,2785,-0.0002,"[-0.0028, 0.0022]",0.0039497307001795335,"[0.0017953321364452424, 0.006463195691202872]",results/benchmark/runs/hstu_beauty_s1/test_metrics.json
hstu_clothing_s1,clothing,hstu,03406ea3f1db91ddb89ef518f45301d370eaa42ecb4eabc1e18c8a02fa92bff1,float32,primary_or_baseline,1,n/a,,raw,raw,5000,0.0186,0.008124796880077998,0.03536141445657826,0.010235309435290428,0.5835540311726654,0.8875835864613179,0.7258630504059393,93,3077,0,,0,,results/benchmark/runs/hstu_clothing_s1/test_metrics.json
hstu_clothing_s1,clothing,hstu,03406ea3f1db91ddb89ef518f45301d370eaa42ecb4eabc1e18c8a02fa92bff1,float32,primary_or_baseline,1,n/a,,fixed_beta_0.75,geometric:0.75,5000,0.0138,0.008449788755281119,0.02236089443577743,0.008217286794335995,0.6748143967351192,0.9262232460973856,0.621442851560804,69,3077,-0.0048,"[-0.0072, -0.0028]",0.00032499187520311994,"[-0.0009749756256093598, 0.0016249593760155996]",results/benchmark/runs/hstu_clothing_s1/test_metrics.json
hstu_clothing_s1,clothing,hstu,03406ea3f1db91ddb89ef518f45301d370eaa42ecb4eabc1e18c8a02fa92bff1,float32,primary_or_baseline,1,n/a,,strict,raw,5000,0.0186,0.008124796880077998,0.03536141445657826,0.010235309435290428,0.5835540311726654,0.8875835864613179,0.7258630504059393,93,3077,0,,0,,results/benchmark/runs/hstu_clothing_s1/test_metrics.json
hstu_clothing_s1,clothing,hstu,03406ea3f1db91ddb89ef518f45301d370eaa42ecb4eabc1e18c8a02fa92bff1,float32,primary_or_baseline,1,n/a,,budget_5pct,geometric:0.25,5000,0.0178,0.008774780630484237,0.03224128965158606,0.00993765804931701,0.6274475752181652,0.9066472903402427,0.6795435592410889,89,3077,-0.0008,"[-0.0022, 0.0004]",0.0006499837504062399,"[0.0, 0.0016249593760155996]",results/benchmark/runs/hstu_clothing_s1/test_metrics.json
hstu_clothing_s1,clothing,hstu,03406ea3f1db91ddb89ef518f45301d370eaa42ecb4eabc1e18c8a02fa92bff1,float32,primary_or_baseline,1,n/a,,simultaneous_ci_budget_5pct,raw,5000,0.0186,0.008124796880077998,0.03536141445657826,0.010235309435290428,0.5835540311726654,0.8875835864613179,0.7258630504059393,93,3077,0,,0,,results/benchmark/runs/hstu_clothing_s1/test_metrics.json
hstu_games2023_s1,games2023,hstu,29cd6c12ea0a9d5766c66404f45da64877c4f2cb30ede3a4c6836b268de03fef,float32,primary_or_baseline,1,n/a,,raw,raw,5000,0.0824,0.007629427792915531,0.12575039494470774,0.042650178457456694,0.14735280337341872,0.683824935889743,0.9625373668592847,412,1835,0,,0,,results/benchmark/runs/hstu_games2023_s1/test_metrics.json
hstu_games2023_s1,games2023,hstu,29cd6c12ea0a9d5766c66404f45da64877c4f2cb30ede3a4c6836b268de03fef,float32,primary_or_baseline,1,n/a,,fixed_beta_0.75,geometric:0.75,5000,0.0594,0.019618528610354225,0.08246445497630332,0.029539117757015083,0.23020459159768858,0.7690777316142462,0.9218710635639544,297,1835,-0.023,"[-0.029, -0.0168]",0.011989100817438692,"[0.007629427792915531, 0.017438692098092644]",results/benchmark/runs/hstu_games2023_s1/test_metrics.json
hstu_games2023_s1,games2023,hstu,29cd6c12ea0a9d5766c66404f45da64877c4f2cb30ede3a4c6836b268de03fef,float32,primary_or_baseline,1,n/a,,strict,raw,5000,0.0824,0.007629427792915531,0.12575039494470774,0.042650178457456694,0.14735280337341872,0.683824935889743,0.9625373668592847,412,1835,0,,0,,results/benchmark/runs/hstu_games2023_s1/test_metrics.json
hstu_games2023_s1,games2023,hstu,29cd6c12ea0a9d5766c66404f45da64877c4f2cb30ede3a4c6836b268de03fef,float32,primary_or_baseline,1,n/a,,budget_5pct,geometric:0.1,5000,0.0798,0.008719346049046322,0.12101105845181674,0.041521327362255396,0.1568795876932688,0.6962538853583955,0.9585127065438076,399,1835,-0.0026,"[-0.005, -0.0004]",0.0010899182561307902,"[0.0, 0.0027247956403269754]",results/benchmark/runs/hstu_games2023_s1/test_metrics.json
hstu_games2023_s1,games2023,hstu,29cd6c12ea0a9d5766c66404f45da64877c4f2cb30ede3a4c6836b268de03fef,float32,primary_or_baseline,1,n/a,,simultaneous_ci_budget_5pct,geometric:0.1,5000,0.0798,0.008719346049046322,0.12101105845181674,0.041521327362255396,0.1568795876932688,0.6962538853583955,0.9585127065438076,399,1835,-0.0026,"[-0.005, -0.0004]",0.0010899182561307902,"[0.0, 0.0027247956403269754]",results/benchmark/runs/hstu_games2023_s1/test_metrics.json
hstu_ml1m_s1,ml1m,hstu,ea36b3cfe8522c969fb69d75001e58c1481348ff33104f57513f8751d5283205,float32,primary_or_baseline,1,n/a,,raw,raw,5000,0.2648,0.17384615384615384,0.32295081967213113,0.15055289057888185,0.6378845116028062,0.8531957516984431,0.7725183054506206,1324,1950,0,,0,,results/benchmark/runs/hstu_ml1m_s1/test_metrics.json
hstu_ml1m_s1,ml1m,hstu,ea36b3cfe8522c969fb69d75001e58c1481348ff33104f57513f8751d5283205,float32,primary_or_baseline,1,n/a,,fixed_beta_0.75,geometric:0.75,5000,0.2548,0.19743589743589743,0.29147540983606557,0.14332278900895107,0.7536427415002699,0.8906239449047183,0.6925271343766864,1274,1950,-0.01,"[-0.0162, -0.0036]",0.02358974358974359,"[0.013846153846153847, 0.03282051282051282]",results/benchmark/runs/hstu_ml1m_s1/test_metrics.json
hstu_ml1m_s1,ml1m,hstu,ea36b3cfe8522c969fb69d75001e58c1481348ff33104f57513f8751d5283205,float32,primary_or_baseline,1,n/a,,strict,raw,5000,0.2648,0.17384615384615384,0.32295081967213113,0.15055289057888185,0.6378845116028062,0.8531957516984431,0.7725183054506206,1324,1950,0,,0,,results/benchmark/runs/hstu_ml1m_s1/test_metrics.json
hstu_ml1m_s1,ml1m,hstu,ea36b3cfe8522c969fb69d75001e58c1481348ff33104f57513f8751d5283205,float32,primary_or_baseline,1,n/a,,budget_5pct,geometric:0.75,5000,0.2548,0.19743589743589743,0.29147540983606557,0.14332278900895107,0.7536427415002699,0.8906239449047183,0.6925271343766864,1274,1950,-0.01,"[-0.0162, -0.0036]",0.02358974358974359,"[0.013846153846153847, 0.03282051282051282]",results/benchmark/runs/hstu_ml1m_s1/test_metrics.json
hstu_ml1m_s1,ml1m,hstu,ea36b3cfe8522c969fb69d75001e58c1481348ff33104f57513f8751d5283205,float32,primary_or_baseline,1,n/a,,simultaneous_ci_budget_5pct,geometric:0.5,5000,0.2582,0.18871794871794872,0.3026229508196721,0.14583007873412734,0.7145169994603346,0.8794874187659152,0.7195136319481921,1291,1950,-0.0066,"[-0.0116, -0.0016]",0.014871794871794871,"[0.007679487179487181, 0.02205128205128205]",results/benchmark/runs/hstu_ml1m_s1/test_metrics.json
hstu_sports_s1,sports,hstu,77b5a9b6e2f2694d1e4c65a17f0736fc36b712b0161414c4b0768c45e66ccbfc,float32,primary_or_baseline,1,n/a,,raw,raw,5000,0.0398,0.004933051444679351,0.08556891766882516,0.020317803041478892,0.11505147899983657,0.6345970347853392,0.9762426605654518,199,2838,0,,0,,results/benchmark/runs/hstu_sports_s1/test_metrics.json
hstu_sports_s1,sports,hstu,77b5a9b6e2f2694d1e4c65a17f0736fc36b712b0161414c4b0768c45e66ccbfc,float32,primary_or_baseline,1,n/a,,fixed_beta_0.75,geometric:0.75,5000,0.0256,0.009161381254404511,0.04717853839037928,0.013055027622243372,0.24072560875960125,0.7551274406823753,0.926812226398649,128,2838,-0.0142,"[-0.0188, -0.0098]",0.004228329809725159,"[0.0014094432699083862, 0.007399577167019027]",results/benchmark/runs/hstu_sports_s1/test_metrics.json
hstu_sports_s1,sports,hstu,77b5a9b6e2f2694d1e4c65a17f0736fc36b712b0161414c4b0768c45e66ccbfc,float32,primary_or_baseline,1,n/a,,strict,raw,5000,0.0398,0.004933051444679351,0.08556891766882516,0.020317803041478892,0.11505147899983657,0.6345970347853392,0.9762426605654518,199,2838,0,,0,,results/benchmark/runs/hstu_sports_s1/test_metrics.json
hstu_sports_s1,sports,hstu,77b5a9b6e2f2694d1e4c65a17f0736fc36b712b0161414c4b0768c45e66ccbfc,float32,primary_or_baseline,1,n/a,,budget_5pct,geometric:0.1,5000,0.0392,0.005285412262156448,0.08371877890841813,0.019647577426578886,0.13046794138475787,0.6527801543386957,0.971868863103993,196,2838,-0.0006,"[-0.0018, 0.0004]",0.00035236081747709656,"[0.0, 0.0010570824524312897]",results/benchmark/runs/hstu_sports_s1/test_metrics.json
hstu_sports_s1,sports,hstu,77b5a9b6e2f2694d1e4c65a17f0736fc36b712b0161414c4b0768c45e66ccbfc,float32,primary_or_baseline,1,n/a,,simultaneous_ci_budget_5pct,raw,5000,0.0398,0.004933051444679351,0.08556891766882516,0.020317803041478892,0.11505147899983657,0.6345970347853392,0.9762426605654518,199,2838,0,,0,,results/benchmark/runs/hstu_sports_s1/test_metrics.json
hstu_toys_s1,toys,hstu,61b9ebdddc281ce10377bcb7ef0381e85e2779ddfd3228ab7bdbfc1515bc5576,float32,primary_or_baseline,1,n/a,,raw,raw,5000,0.0764,0.05964912280701754,0.10455764075067024,0.04840700822110964,0.652130157665213,0.8730938024040376,0.7459627339818853,382,3135,0,,0,,results/benchmark/runs/hstu_toys_s1/test_metrics.json
hstu_toys_s1,toys,hstu,61b9ebdddc281ce10377bcb7ef0381e85e2779ddfd3228ab7bdbfc1515bc5576,float32,primary_or_baseline,1,n/a,,fixed_beta_0.75,geometric:0.75,5000,0.0758,0.06921850079744817,0.08686327077747989,0.04765974687289026,0.7500838644750084,0.9191410145498673,0.635729486749413,379,3135,-0.0006,"[-0.0042, 0.003]",0.009569377990430622,"[0.005741626794258373, 0.013716108452950558]",results/benchmark/runs/hstu_toys_s1/test_metrics.json
hstu_toys_s1,toys,hstu,61b9ebdddc281ce10377bcb7ef0381e85e2779ddfd3228ab7bdbfc1515bc5576,float32,primary_or_baseline,1,n/a,,strict,raw,5000,0.0764,0.05964912280701754,0.10455764075067024,0.04840700822110964,0.652130157665213,0.8730938024040376,0.7459627339818853,382,3135,0,,0,,results/benchmark/runs/hstu_toys_s1/test_metrics.json
hstu_toys_s1,toys,hstu,61b9ebdddc281ce10377bcb7ef0381e85e2779ddfd3228ab7bdbfc1515bc5576,float32,primary_or_baseline,1,n/a,,budget_5pct,geometric:0.25,5000,0.0762,0.06124401913875598,0.10134048257372655,0.04885027776437852,0.6978362965447836,0.8946438990890866,0.7005183495471319,381,3135,-0.0002,"[-0.0022, 0.0018]",0.001594896331738437,"[-7.974481658691732e-06, 0.0035087719298245615]",results/benchmark/runs/hstu_toys_s1/test_metrics.json
hstu_toys_s1,toys,hstu,61b9ebdddc281ce10377bcb7ef0381e85e2779ddfd3228ab7bdbfc1515bc5576,float32,primary_or_baseline,1,n/a,,simultaneous_ci_budget_5pct,geometric:0.1,5000,0.0764,0.06060606060606061,0.10294906166219839,0.04872531871728397,0.6715867158671587,0.8824149219940101,0.7274665414290507,382,3135,0.0,"[-0.0014, 0.0014]",0.0009569377990430622,"[-0.0003189792663476874, 0.002551834130781499]",results/benchmark/runs/hstu_toys_s1/test_metrics.json
sasrec_arts2023_s1,arts2023,sasrec,1546c8bd3e51ac4d15e92bfc6b318333fd538d042676d41f928ffd1ef7d9b177,float32,primary_or_baseline,1,n/a,,raw,raw,5000,0.0268,0.0018066847335140017,0.046661880832735106,0.014490425917316477,0.10099157384557238,0.6881467098612118,0.9697226705796038,134,2214,0,,0,,results/benchmark/runs/sasrec_arts2023_s1/test_metrics.json
sasrec_arts2023_s1,arts2023,sasrec,1546c8bd3e51ac4d15e92bfc6b318333fd538d042676d41f928ffd1ef7d9b177,float32,primary_or_baseline,1,n/a,,fixed_beta_0.75,geometric:0.75,5000,0.0148,0.0040650406504065045,0.023330940416367553,0.007378954500726181,0.19643611463127236,0.8074353619663779,0.9035179946197114,74,2214,-0.012,"[-0.015604999999999999, -0.0082]",0.002258355916892502,"[0.00045167118337850043, 0.004516711833785004]",results/benchmark/runs/sasrec_arts2023_s1/test_metrics.json
sasrec_arts2023_s1,arts2023,sasrec,1546c8bd3e51ac4d15e92bfc6b318333fd538d042676d41f928ffd1ef7d9b177,float32,primary_or_baseline,1,n/a,,strict,raw,5000,0.0268,0.0018066847335140017,0.046661880832735106,0.014490425917316477,0.10099157384557238,0.6881467098612118,0.9697226705796038,134,2214,0,,0,,results/benchmark/runs/sasrec_arts2023_s1/test_metrics.json
sasrec_arts2023_s1,arts2023,sasrec,1546c8bd3e51ac4d15e92bfc6b318333fd538d042676d41f928ffd1ef7d9b177,float32,primary_or_baseline,1,n/a,,budget_5pct,raw,5000,0.0268,0.0018066847335140017,0.046661880832735106,0.014490425917316477,0.10099157384557238,0.6881467098612118,0.9697226705796038,134,2214,0,,0,,results/benchmark/runs/sasrec_arts2023_s1/test_metrics.json
sasrec_arts2023_s1,arts2023,sasrec,1546c8bd3e51ac4d15e92bfc6b318333fd538d042676d41f928ffd1ef7d9b177,float32,primary_or_baseline,1,n/a,,simultaneous_ci_budget_5pct,raw,5000,0.0268,0.0018066847335140017,0.046661880832735106,0.014490425917316477,0.10099157384557238,0.6881467098612118,0.9697226705796038,134,2214,0,,0,,results/benchmark/runs/sasrec_arts2023_s1/test_metrics.json
sasrec_beauty_s1,beauty,sasrec,e5ca8ea3e85539110778e89d0b1e56e156113e1da6c0d8ef7046d39b175c9e80,float32,primary_or_baseline,1,n/a,,raw,raw,5000,0.0772,0.02621184919210054,0.14130925507900677,0.03935755712387671,0.4709528138170399,0.7807384990891645,0.8757950880092554,386,2785,0,,0,,results/benchmark/runs/sasrec_beauty_s1/test_metrics.json
sasrec_beauty_s1,beauty,sasrec,e5ca8ea3e85539110778e89d0b1e56e156113e1da6c0d8ef7046d39b175c9e80,float32,primary_or_baseline,1,n/a,,fixed_beta_0.75,geometric:0.75,5000,0.0714,0.03806104129263914,0.11331828442437923,0.03643103805376645,0.6555656557309313,0.877255938761789,0.743845510288406,357,2785,-0.0058,"[-0.0106, -0.0012]",0.0118491921005386,"[0.00718132854578097, 0.016526032315978406]",results/benchmark/runs/sasrec_beauty_s1/test_metrics.json
sasrec_beauty_s1,beauty,sasrec,e5ca8ea3e85539110778e89d0b1e56e156113e1da6c0d8ef7046d39b175c9e80,float32,primary_or_baseline,1,n/a,,strict,raw,5000,0.0772,0.02621184919210054,0.14130925507900677,0.03935755712387671,0.4709528138170399,0.7807384990891645,0.8757950880092554,386,2785,0,,0,,results/benchmark/runs/sasrec_beauty_s1/test_metrics.json
sasrec_beauty_s1,beauty,sasrec,e5ca8ea3e85539110778e89d0b1e56e156113e1da6c0d8ef7046d39b175c9e80,float32,primary_or_baseline,1,n/a,,budget_5pct,geometric:0.25,5000,0.0802,0.03231597845601436,0.14040632054176072,0.04061597481327645,0.5472275018593504,0.824803420657368,0.8275796843236096,401,2785,0.003,"[0.0002, 0.0058]",0.006104129263913824,"[0.003590664272890485, 0.008985637342908389]",results/benchmark/runs/sasrec_beauty_s1/test_metrics.json
sasrec_beauty_s1,beauty,sasrec,e5ca8ea3e85539110778e89d0b1e56e156113e1da6c0d8ef7046d39b175c9e80,float32,primary_or_baseline,1,n/a,,simultaneous_ci_budget_5pct,geometric:0.1,5000,0.0788,0.02872531418312388,0.1417607223476298,0.040106251180741,0.5003718700933807,0.7992869844122039,0.8575552764234361,394,2785,0.0016,"[-0.0002, 0.0034]",0.0025134649910233393,"[0.0010771992818671453, 0.00466786355475763]",results/benchmark/runs/sasrec_beauty_s1/test_metrics.json
sasrec_clothing_s1,clothing,sasrec,24a0f8fd403ab18856696e45e5c6a7138616cd6a4486fca582c4ee1e04289400,float32,primary_or_baseline,1,n/a,,raw,raw,5000,0.0234,0.007474813129671758,0.048881955278211126,0.010568763678008339,0.4078061911170929,0.803353882393347,0.8648489975252898,117,3077,0,,0,,results/benchmark/runs/sasrec_clothing_s1/test_metrics.json
sasrec_clothing_s1,clothing,sasrec,24a0f8fd403ab18856696e45e5c6a7138616cd6a4486fca582c4ee1e04289400,float32,primary_or_baseline,1,n/a,,fixed_beta_0.75,geometric:0.75,5000,0.0184,0.011374715632109197,0.029641185647425898,0.008766681917761254,0.5841618547301698,0.8936508081925293,0.7198968575522077,92,3077,-0.005,"[-0.008, -0.002]",0.003899902502437439,"[0.0012999675008124798, 0.0068248293792655184]",results/benchmark/runs/sasrec_clothing_s1/test_metrics.json
sasrec_clothing_s1,clothing,sasrec,24a0f8fd403ab18856696e45e5c6a7138616cd6a4486fca582c4ee1e04289400,float32,primary_or_baseline,1,n/a,,strict,raw,5000,0.0234,0.007474813129671758,0.048881955278211126,0.010568763678008339,0.4078061911170929,0.803353882393347,0.8648489975252898,117,3077,0,,0,,results/benchmark/runs/sasrec_clothing_s1/test_metrics.json
sasrec_clothing_s1,clothing,sasrec,24a0f8fd403ab18856696e45e5c6a7138616cd6a4486fca582c4ee1e04289400,float32,primary_or_baseline,1,n/a,,budget_5pct,geometric:0.1,5000,0.0228,0.008774780630484237,0.0452418096723869,0.010332677936956683,0.4381973689923154,0.8208054695042597,0.8444284947683758,114,3077,-0.0006,"[-0.0024, 0.001]",0.0012999675008124798,"[0.00032499187520311994, 0.0025999350016249595]",results/benchmark/runs/sasrec_clothing_s1/test_metrics.json
sasrec_clothing_s1,clothing,sasrec,24a0f8fd403ab18856696e45e5c6a7138616cd6a4486fca582c4ee1e04289400,float32,primary_or_baseline,1,n/a,,simultaneous_ci_budget_5pct,raw,5000,0.0234,0.007474813129671758,0.048881955278211126,0.010568763678008339,0.4078061911170929,0.803353882393347,0.8648489975252898,117,3077,0,,0,,results/benchmark/runs/sasrec_clothing_s1/test_metrics.json
sasrec_games2023_s1,games2023,sasrec,46aea0bbf14fa6c5d3f95558877cb14eaa52c68dedb0f7b7e63dfea285d15be8,float32,primary_or_baseline,1,n/a,,raw,raw,5000,0.0854,0.013623978201634877,0.12701421800947868,0.0410618294337723,0.18838825550523192,0.7045901365077119,0.9527914743089176,427,1835,0,,0,,results/benchmark/runs/sasrec_games2023_s1/test_metrics.json
sasrec_games2023_s1,games2023,sasrec,46aea0bbf14fa6c5d3f95558877cb14eaa52c68dedb0f7b7e63dfea285d15be8,float32,primary_or_baseline,1,n/a,,fixed_beta_0.75,geometric:0.75,5000,0.0652,0.020708446866485014,0.0909952606635071,0.030505360580364266,0.2733874746212713,0.7830031074587072,0.9088407512103701,326,1835,-0.0202,"[-0.0262, -0.0142]",0.007084468664850136,"[0.0021798365122615805, 0.011989100817438692]",results/benchmark/runs/sasrec_games2023_s1/test_metrics.json
sasrec_games2023_s1,games2023,sasrec,46aea0bbf14fa6c5d3f95558877cb14eaa52c68dedb0f7b7e63dfea285d15be8,float32,primary_or_baseline,1,n/a,,strict,geometric:0.25,5000,0.08,0.017983651226158037,0.11595576619273301,0.03805408876114177,0.21599250351397783,0.7339741407684737,0.939916924878963,400,1835,-0.0054,"[-0.0088, -0.002]",0.004359673024523161,"[0.0010899182561307902, 0.007629427792915531]",results/benchmark/runs/sasrec_games2023_s1/test_metrics.json
sasrec_games2023_s1,games2023,sasrec,46aea0bbf14fa6c5d3f95558877cb14eaa52c68dedb0f7b7e63dfea285d15be8,float32,primary_or_baseline,1,n/a,,budget_5pct,geometric:0.25,5000,0.08,0.017983651226158037,0.11595576619273301,0.03805408876114177,0.21599250351397783,0.7339741407684737,0.939916924878963,400,1835,-0.0054,"[-0.0088, -0.002]",0.004359673024523161,"[0.0010899182561307902, 0.007629427792915531]",results/benchmark/runs/sasrec_games2023_s1/test_metrics.json
sasrec_games2023_s1,games2023,sasrec,46aea0bbf14fa6c5d3f95558877cb14eaa52c68dedb0f7b7e63dfea285d15be8,float32,primary_or_baseline,1,n/a,,simultaneous_ci_budget_5pct,geometric:0.25,5000,0.08,0.017983651226158037,0.11595576619273301,0.03805408876114177,0.21599250351397783,0.7339741407684737,0.939916924878963,400,1835,-0.0054,"[-0.0088, -0.002]",0.004359673024523161,"[0.0010899182561307902, 0.007629427792915531]",results/benchmark/runs/sasrec_games2023_s1/test_metrics.json
sasrec_ml1m_s1,ml1m,sasrec,9db339cde0bb8fc811d8830b229181013d7b2e1d87ebd27b782f25edd47b264d,float32,primary_or_baseline,1,n/a,,raw,raw,5000,0.2692,0.17794871794871794,0.32754098360655737,0.1507494172181515,0.6100917431192661,0.8465468582551239,0.7841899838100378,1346,1950,0,,0,,results/benchmark/runs/sasrec_ml1m_s1/test_metrics.json
sasrec_ml1m_s1,ml1m,sasrec,9db339cde0bb8fc811d8830b229181013d7b2e1d87ebd27b782f25edd47b264d,float32,primary_or_baseline,1,n/a,,fixed_beta_0.75,geometric:0.75,5000,0.2576,0.2123076923076923,0.28655737704918033,0.14278405975688824,0.7388019427954668,0.8891885317226645,0.6965210685375067,1288,1950,-0.0116,"[-0.018, -0.0048]",0.03435897435897436,"[0.024615384615384615, 0.04461538461538461]",results/benchmark/runs/sasrec_ml1m_s1/test_metrics.json
sasrec_ml1m_s1,ml1m,sasrec,9db339cde0bb8fc811d8830b229181013d7b2e1d87ebd27b782f25edd47b264d,float32,primary_or_baseline,1,n/a,,strict,raw,5000,0.2692,0.17794871794871794,0.32754098360655737,0.1507494172181515,0.6100917431192661,0.8465468582551239,0.7841899838100378,1346,1950,0,,0,,results/benchmark/runs/sasrec_ml1m_s1/test_metrics.json
sasrec_ml1m_s1,ml1m,sasrec,9db339cde0bb8fc811d8830b229181013d7b2e1d87ebd27b782f25edd47b264d,float32,primary_or_baseline,1,n/a,,budget_5pct,geometric:0.75,5000,0.2576,0.2123076923076923,0.28655737704918033,0.14278405975688824,0.7388019427954668,0.8891885317226645,0.6965210685375067,1288,1950,-0.0116,"[-0.018, -0.0048]",0.03435897435897436,"[0.024615384615384615, 0.04461538461538461]",results/benchmark/runs/sasrec_ml1m_s1/test_metrics.json
sasrec_ml1m_s1,ml1m,sasrec,9db339cde0bb8fc811d8830b229181013d7b2e1d87ebd27b782f25edd47b264d,float32,primary_or_baseline,1,n/a,,simultaneous_ci_budget_5pct,geometric:0.5,5000,0.2668,0.2082051282051282,0.3042622950819672,0.14823144301743532,0.6950890447922288,0.8767231860747381,0.7259775715056664,1334,1950,-0.0024,"[-0.008, 0.0028]",0.030256410256410255,"[0.022038461538461538, 0.038461538461538464]",results/benchmark/runs/sasrec_ml1m_s1/test_metrics.json
sasrec_sports_s1,sports,sasrec,3924c5ed2c439c2baa0bc93aa5b3b9c59d1bcb324ee5362aaeaa22ee70440e00,float32,primary_or_baseline,1,n/a,,raw,raw,5000,0.043,0.009866102889358703,0.08649398704902868,0.021471536004236808,0.22879555482922045,0.6888515856112246,0.9532932941112382,215,2838,0,,0,,results/benchmark/runs/sasrec_sports_s1/test_metrics.json
sasrec_sports_s1,sports,sasrec,3924c5ed2c439c2baa0bc93aa5b3b9c59d1bcb324ee5362aaeaa22ee70440e00,float32,primary_or_baseline,1,n/a,,fixed_beta_0.75,geometric:0.75,5000,0.0316,0.01726568005637773,0.05041628122109158,0.016826839301636205,0.40948956801220243,0.8118009963648314,0.866552850683663,158,2838,-0.0114,"[-0.016, -0.006995000000000027]",0.007399577167019027,"[0.004228329809725159, 0.010923185341789992]",results/benchmark/runs/sasrec_sports_s1/test_metrics.json
sasrec_sports_s1,sports,sasrec,3924c5ed2c439c2baa0bc93aa5b3b9c59d1bcb324ee5362aaeaa22ee70440e00,float32,primary_or_baseline,1,n/a,,strict,geometric:0.1,5000,0.0438,0.011627906976744186,0.08603145235892692,0.021833311423884786,0.25341831453941277,0.7082552730571019,0.9446544010459226,219,2838,0.0008,"[-0.001, 0.0026]",0.0017618040873854828,"[0.00035236081747709656, 0.0035236081747709656]",results/benchmark/runs/sasrec_sports_s1/test_metrics.json
sasrec_sports_s1,sports,sasrec,3924c5ed2c439c2baa0bc93aa5b3b9c59d1bcb324ee5362aaeaa22ee70440e00,float32,primary_or_baseline,1,n/a,,budget_5pct,geometric:0.25,5000,0.0404,0.013742071881606765,0.0753931544865865,0.020763330103706044,0.2919322329356649,0.7379204577049652,0.9286795424088904,202,2838,-0.0026,"[-0.0054, 0.0002]",0.003875968992248062,"[0.0017618040873854828, 0.006342494714587738]",results/benchmark/runs/sasrec_sports_s1/test_metrics.json
sasrec_sports_s1,sports,sasrec,3924c5ed2c439c2baa0bc93aa5b3b9c59d1bcb324ee5362aaeaa22ee70440e00,float32,primary_or_baseline,1,n/a,,simultaneous_ci_budget_5pct,geometric:0.1,5000,0.0438,0.011627906976744186,0.08603145235892692,0.021833311423884786,0.25341831453941277,0.7082552730571019,0.9446544010459226,219,2838,0.0008,"[-0.001, 0.0026]",0.0017618040873854828,"[0.00035236081747709656, 0.0035236081747709656]",results/benchmark/runs/sasrec_sports_s1/test_metrics.json
sasrec_toys_s1,toys,sasrec,c2c2530f2161b14275821c3a3dc80a55a0b847c7513316b1873f43eceda37963,float32,primary_or_baseline,1,n/a,,raw,raw,5000,0.0818,0.05964912280701754,0.11903485254691688,0.040404088085551834,0.5524152968802415,0.8172714886515794,0.8331069305602147,409,3135,0,,0,,results/benchmark/runs/sasrec_toys_s1/test_metrics.json
sasrec_toys_s1,toys,sasrec,c2c2530f2161b14275821c3a3dc80a55a0b847c7513316b1873f43eceda37963,float32,primary_or_baseline,1,n/a,,fixed_beta_0.75,geometric:0.75,5000,0.0792,0.07400318979266347,0.08793565683646112,0.040399007892819874,0.6819020462931902,0.889972796353862,0.7154656826568265,396,3135,-0.0026,"[-0.0072, 0.0016049999999999728]",0.014354066985645933,"[0.009569377990430622, 0.019138755980861243]",results/benchmark/runs/sasrec_toys_s1/test_metrics.json
sasrec_toys_s1,toys,sasrec,c2c2530f2161b14275821c3a3dc80a55a0b847c7513316b1873f43eceda37963,float32,primary_or_baseline,1,n/a,,strict,geometric:0.25,5000,0.0826,0.06443381180223286,0.1131367292225201,0.04078034807281113,0.6038242200603824,0.8486187097361435,0.7913446595102315,413,3135,0.0008,"[-0.0016049999999999999, 0.0032]",0.004784688995215311,"[0.0022328548644338117, 0.007655502392344498]",results/benchmark/runs/sasrec_toys_s1/test_metrics.json
sasrec_toys_s1,toys,sasrec,c2c2530f2161b14275821c3a3dc80a55a0b847c7513316b1873f43eceda37963,float32,primary_or_baseline,1,n/a,,budget_5pct,geometric:0.75,5000,0.0792,0.07400318979266347,0.08793565683646112,0.040399007892819874,0.6819020462931902,0.889972796353862,0.7154656826568265,396,3135,-0.0026,"[-0.0072, 0.0016049999999999728]",0.014354066985645933,"[0.009569377990430622, 0.019138755980861243]",results/benchmark/runs/sasrec_toys_s1/test_metrics.json
sasrec_toys_s1,toys,sasrec,c2c2530f2161b14275821c3a3dc80a55a0b847c7513316b1873f43eceda37963,float32,primary_or_baseline,1,n/a,,simultaneous_ci_budget_5pct,geometric:0.5,5000,0.0816,0.0711323763955343,0.09919571045576407,0.040634791364478895,0.6509560550150956,0.8746449670474059,0.7470441026501174,408,3135,-0.0002,"[-0.0042, 0.0036]",0.011483253588516746,"[0.007655502392344498, 0.01562998405103668]",results/benchmark/runs/sasrec_toys_s1/test_metrics.json
