run,cohort,users,rule,method,R10,tailR10,cov10,tail_delta,tail_ci95,gained_tail_hits,lost_tail_hits
full_users_clothing_s0,primary_5000,5000,strict,geometric:1.0,0.0152,0.005199870003249919,0.13910476273173272,0.0006499837504062399,"[-0.0009749756256093598, 0.0022749431264218393]",4,2
full_users_clothing_s0,primary_5000,5000,budget_5pct,geometric:1.0,0.0152,0.005199870003249919,0.13910476273173272,0.0006499837504062399,"[-0.0009749756256093598, 0.0022749431264218393]",4,2
full_users_clothing_s0,primary_5000,5000,simultaneous_ci_budget_5pct,geometric:0.1,0.0162,0.004549886252843679,0.10211435766074763,0.0,"[0.0, 0.0]",0,0
full_users_clothing_s0,primary_5000,5000,fixed_beta_0.75,geometric:0.75,0.0162,0.005849853753656159,0.1289020101593366,0.0012999675008124798,"[0.0, 0.0029249268768280793]",5,1
full_users_clothing_s0,all_users,39387,strict,geometric:1.0,0.01774697235128342,0.005874322591320895,0.2020145009334433,0.001613370289165598,"[0.0009514747859181732, 0.0023166342613659867]",55,16
full_users_clothing_s0,all_users,39387,budget_5pct,geometric:1.0,0.01774697235128342,0.005874322591320895,0.2020145009334433,0.001613370289165598,"[0.0009514747859181732, 0.0023166342613659867]",55,16
full_users_clothing_s0,all_users,39387,simultaneous_ci_budget_5pct,geometric:0.1,0.01822936501891487,0.0042609523021552975,0.14396735119176834,0.0,"[-0.0002482108137177843, 0.00020684234476482026]",4,4
full_users_clothing_s0,all_users,39387,fixed_beta_0.75,geometric:0.75,0.01800086322898418,0.005295164025979398,0.1858637606911822,0.0010342117238241013,"[0.0004953874157117446, 0.001613370289165598]",37,12
full_users_clothing_s1,primary_5000,5000,strict,raw,0.0166,0.005199870003249919,0.13502366170277427,0.0,"[0.0, 0.0]",0,0
full_users_clothing_s1,primary_5000,5000,budget_5pct,geometric:0.75,0.0186,0.006174845628859279,0.1816958277254374,0.0009749756256093598,"[-0.0006499837504062399, 0.0025999350016249595]",5,2
full_users_clothing_s1,primary_5000,5000,simultaneous_ci_budget_5pct,raw,0.0166,0.005199870003249919,0.13502366170277427,0.0,"[0.0, 0.0]",0,0
full_users_clothing_s1,primary_5000,5000,fixed_beta_0.75,geometric:0.75,0.0186,0.006174845628859279,0.1816958277254374,0.0009749756256093598,"[-0.0006499837504062399, 0.0025999350016249595]",5,2
full_users_clothing_s1,all_users,39387,strict,raw,0.019955822987280068,0.005253795557026435,0.19828072765163027,0.0,"[0.0, 0.0]",0,0
full_users_clothing_s1,all_users,39387,budget_5pct,geometric:0.75,0.02043821565491152,0.007446324411533529,0.27286936135110496,0.002192528854507095,"[0.001489264882306706, 0.0028957928267074836]",63,10
full_users_clothing_s1,all_users,39387,simultaneous_ci_budget_5pct,raw,0.019955822987280068,0.005253795557026435,0.19828072765163027,0.0,"[0.0, 0.0]",0,0
full_users_clothing_s1,all_users,39387,fixed_beta_0.75,geometric:0.75,0.02043821565491152,0.007446324411533529,0.27286936135110496,0.002192528854507095,"[0.001489264882306706, 0.0028957928267074836]",63,10
full_users_clothing_s2,primary_5000,5000,strict,geometric:0.5,0.015,0.004874878128046799,0.10893066469847609,0.0,"[-0.0009749756256093598, 0.0009749756256093598]",1,1
full_users_clothing_s2,primary_5000,5000,budget_5pct,geometric:0.75,0.0158,0.005849853753656159,0.11943732904962445,0.0009749756256093598,"[-0.0006499837504062399, 0.0025999350016249595]",5,2
full_users_clothing_s2,primary_5000,5000,simultaneous_ci_budget_5pct,raw,0.0158,0.004874878128046799,0.08908956714279512,0.0,"[0.0, 0.0]",0,0
full_users_clothing_s2,primary_5000,5000,fixed_beta_0.75,geometric:0.75,0.0158,0.005849853753656159,0.11943732904962445,0.0009749756256093598,"[-0.0006499837504062399, 0.0025999350016249595]",5,2
full_users_clothing_s2,all_users,39387,strict,geometric:0.5,0.01858481224769594,0.004840110867496794,0.1544305995745235,0.0009101063169652091,"[0.0004964216274355686, 0.0013651594754478136]",26,4
full_users_clothing_s2,all_users,39387,budget_5pct,geometric:0.75,0.018965648564247088,0.005502006370744219,0.16979985238570747,0.0015720018202126339,"[0.0009928432548711372, 0.0021511603855541308]",46,8
full_users_clothing_s2,all_users,39387,simultaneous_ci_budget_5pct,raw,0.0178739177901338,0.003930004550531585,0.12469066122519863,0.0,"[0.0, 0.0]",0,0
full_users_clothing_s2,all_users,39387,fixed_beta_0.75,geometric:0.75,0.018965648564247088,0.005502006370744219,0.16979985238570747,0.0015720018202126339,"[0.0009928432548711372, 0.0021511603855541308]",46,8
