run,dataset,family,rule,method,n_users,R10,tailR10,cov10,source
fair_baselines_beauty_seed0,beauty,raw,strict,raw,5000,0.0574,0.012208258527827648,0.19700851169324848,results/benchmark/runs/fair_baselines_beauty_seed0/test_metrics.json
fair_baselines_beauty_seed0,beauty,raw,budget_5pct,raw,5000,0.0574,0.012208258527827648,0.19700851169324848,results/benchmark/runs/fair_baselines_beauty_seed0/test_metrics.json
fair_baselines_beauty_seed0,beauty,raw,simultaneous_ci_budget_5pct,raw,5000,0.0574,0.012208258527827648,0.19700851169324848,results/benchmark/runs/fair_baselines_beauty_seed0/test_metrics.json
fair_baselines_beauty_seed0,beauty,geometric,strict,raw,5000,0.0574,0.012208258527827648,0.19700851169324848,results/benchmark/runs/fair_baselines_beauty_seed0/test_metrics.json
fair_baselines_beauty_seed0,beauty,geometric,budget_5pct,geometric:0.75,5000,0.055,0.015080789946140035,0.26063961656061485,results/benchmark/runs/fair_baselines_beauty_seed0/test_metrics.json
fair_baselines_beauty_seed0,beauty,geometric,simultaneous_ci_budget_5pct,geometric:0.1,5000,0.0584,0.012567324955116697,0.20758614990496654,results/benchmark/runs/fair_baselines_beauty_seed0/test_metrics.json
fair_baselines_beauty_seed0,beauty,arithmetic,strict,arithmetic:0.25,5000,0.058,0.012926391382405745,0.22320469382695646,results/benchmark/runs/fair_baselines_beauty_seed0/test_metrics.json
fair_baselines_beauty_seed0,beauty,arithmetic,budget_5pct,arithmetic:0.75,5000,0.055,0.014721723518850987,0.2722915461532105,results/benchmark/runs/fair_baselines_beauty_seed0/test_metrics.json
fair_baselines_beauty_seed0,beauty,arithmetic,simultaneous_ci_budget_5pct,arithmetic:0.25,5000,0.058,0.012926391382405745,0.22320469382695646,results/benchmark/runs/fair_baselines_beauty_seed0/test_metrics.json
fair_baselines_beauty_seed0,beauty,null,strict,raw,5000,0.0574,0.012208258527827648,0.19700851169324848,results/benchmark/runs/fair_baselines_beauty_seed0/test_metrics.json
fair_baselines_beauty_seed0,beauty,null,budget_5pct,null:0.5,5000,0.0568,0.01436265709156194,0.23832741095777207,results/benchmark/runs/fair_baselines_beauty_seed0/test_metrics.json
fair_baselines_beauty_seed0,beauty,null,simultaneous_ci_budget_5pct,raw,5000,0.0574,0.012208258527827648,0.19700851169324848,results/benchmark/runs/fair_baselines_beauty_seed0/test_metrics.json
fair_baselines_beauty_seed0,beauty,logcount,strict,raw,5000,0.0574,0.012208258527827648,0.19700851169324848,results/benchmark/runs/fair_baselines_beauty_seed0/test_metrics.json
fair_baselines_beauty_seed0,beauty,logcount,budget_5pct,logcount:0.1,5000,0.0554,0.012926391382405745,0.2129576068093546,results/benchmark/runs/fair_baselines_beauty_seed0/test_metrics.json
fair_baselines_beauty_seed0,beauty,logcount,simultaneous_ci_budget_5pct,raw,5000,0.0574,0.012208258527827648,0.19700851169324848,results/benchmark/runs/fair_baselines_beauty_seed0/test_metrics.json
fair_baselines_beauty_seed0,beauty,mmr,strict,mmr:0.75,5000,0.0574,0.0118491921005386,0.19717378729030657,results/benchmark/runs/fair_baselines_beauty_seed0/test_metrics.json
fair_baselines_beauty_seed0,beauty,mmr,budget_5pct,mmr:0.75,5000,0.0574,0.0118491921005386,0.19717378729030657,results/benchmark/runs/fair_baselines_beauty_seed0/test_metrics.json
fair_baselines_beauty_seed0,beauty,mmr,simultaneous_ci_budget_5pct,mmr:0.75,5000,0.0574,0.0118491921005386,0.19717378729030657,results/benchmark/runs/fair_baselines_beauty_seed0/test_metrics.json
fair_baselines_beauty_seed0,beauty,fusion,strict,fusion:0.75,5000,0.0662,0.0118491921005386,0.22113874886373028,results/benchmark/runs/fair_baselines_beauty_seed0/test_metrics.json
fair_baselines_beauty_seed0,beauty,fusion,budget_5pct,fusion:0.75,5000,0.0662,0.0118491921005386,0.22113874886373028,results/benchmark/runs/fair_baselines_beauty_seed0/test_metrics.json
fair_baselines_beauty_seed0,beauty,fusion,simultaneous_ci_budget_5pct,fusion:0.75,5000,0.0662,0.0118491921005386,0.22113874886373028,results/benchmark/runs/fair_baselines_beauty_seed0/test_metrics.json
fair_baselines_sports_seed1,sports,raw,strict,raw,5000,0.0268,0.0035236081747709656,0.09184507272430135,results/benchmark/runs/fair_baselines_sports_seed1/test_metrics.json
fair_baselines_sports_seed1,sports,raw,budget_5pct,raw,5000,0.0268,0.0035236081747709656,0.09184507272430135,results/benchmark/runs/fair_baselines_sports_seed1/test_metrics.json
fair_baselines_sports_seed1,sports,raw,simultaneous_ci_budget_5pct,raw,5000,0.0268,0.0035236081747709656,0.09184507272430135,results/benchmark/runs/fair_baselines_sports_seed1/test_metrics.json
fair_baselines_sports_seed1,sports,geometric,strict,geometric:0.5,5000,0.0278,0.0045806906272022555,0.1124366726589312,results/benchmark/runs/fair_baselines_sports_seed1/test_metrics.json
fair_baselines_sports_seed1,sports,geometric,budget_5pct,geometric:1.0,5000,0.027,0.005990133897110641,0.1323200958762325,results/benchmark/runs/fair_baselines_sports_seed1/test_metrics.json
fair_baselines_sports_seed1,sports,geometric,simultaneous_ci_budget_5pct,geometric:0.1,5000,0.0262,0.003171247357293869,0.09582175736776162,results/benchmark/runs/fair_baselines_sports_seed1/test_metrics.json
fair_baselines_sports_seed1,sports,arithmetic,strict,arithmetic:0.25,5000,0.0276,0.003875968992248062,0.10241324835212726,results/benchmark/runs/fair_baselines_sports_seed1/test_metrics.json
fair_baselines_sports_seed1,sports,arithmetic,budget_5pct,arithmetic:1.5,5000,0.0286,0.006342494714587738,0.15209456882932942,results/benchmark/runs/fair_baselines_sports_seed1/test_metrics.json
fair_baselines_sports_seed1,sports,arithmetic,simultaneous_ci_budget_5pct,arithmetic:0.25,5000,0.0276,0.003875968992248062,0.10241324835212726,results/benchmark/runs/fair_baselines_sports_seed1/test_metrics.json
fair_baselines_sports_seed1,sports,null,strict,null:0.25,5000,0.0276,0.004228329809725159,0.10126927057798116,results/benchmark/runs/fair_baselines_sports_seed1/test_metrics.json
fair_baselines_sports_seed1,sports,null,budget_5pct,null:1.0,5000,0.0286,0.007399577167019027,0.1321566704799259,results/benchmark/runs/fair_baselines_sports_seed1/test_metrics.json
fair_baselines_sports_seed1,sports,null,simultaneous_ci_budget_5pct,null:0.25,5000,0.0276,0.004228329809725159,0.10126927057798116,results/benchmark/runs/fair_baselines_sports_seed1/test_metrics.json
fair_baselines_sports_seed1,sports,logcount,strict,raw,5000,0.0268,0.0035236081747709656,0.09184507272430135,results/benchmark/runs/fair_baselines_sports_seed1/test_metrics.json
fair_baselines_sports_seed1,sports,logcount,budget_5pct,raw,5000,0.0268,0.0035236081747709656,0.09184507272430135,results/benchmark/runs/fair_baselines_sports_seed1/test_metrics.json
fair_baselines_sports_seed1,sports,logcount,simultaneous_ci_budget_5pct,raw,5000,0.0268,0.0035236081747709656,0.09184507272430135,results/benchmark/runs/fair_baselines_sports_seed1/test_metrics.json
fair_baselines_sports_seed1,sports,mmr,strict,mmr:0.25,5000,0.0264,0.003171247357293869,0.09173612246009696,results/benchmark/runs/fair_baselines_sports_seed1/test_metrics.json
fair_baselines_sports_seed1,sports,mmr,budget_5pct,mmr:0.25,5000,0.0264,0.003171247357293869,0.09173612246009696,results/benchmark/runs/fair_baselines_sports_seed1/test_metrics.json
fair_baselines_sports_seed1,sports,mmr,simultaneous_ci_budget_5pct,mmr:0.25,5000,0.0264,0.003171247357293869,0.09173612246009696,results/benchmark/runs/fair_baselines_sports_seed1/test_metrics.json
fair_baselines_sports_seed1,sports,fusion,strict,fusion:0.03,5000,0.0278,0.0035236081747709656,0.09200849812060795,results/benchmark/runs/fair_baselines_sports_seed1/test_metrics.json
fair_baselines_sports_seed1,sports,fusion,budget_5pct,fusion:0.03,5000,0.0278,0.0035236081747709656,0.09200849812060795,results/benchmark/runs/fair_baselines_sports_seed1/test_metrics.json
fair_baselines_sports_seed1,sports,fusion,simultaneous_ci_budget_5pct,fusion:0.03,5000,0.0278,0.0035236081747709656,0.09200849812060795,results/benchmark/runs/fair_baselines_sports_seed1/test_metrics.json
fair_baselines_toys_seed1,toys,raw,strict,raw,5000,0.0508,0.024242424242424242,0.2896678966789668,results/benchmark/runs/fair_baselines_toys_seed1/test_metrics.json
fair_baselines_toys_seed1,toys,raw,budget_5pct,raw,5000,0.0508,0.024242424242424242,0.2896678966789668,results/benchmark/runs/fair_baselines_toys_seed1/test_metrics.json
fair_baselines_toys_seed1,toys,raw,simultaneous_ci_budget_5pct,raw,5000,0.0508,0.024242424242424242,0.2896678966789668,results/benchmark/runs/fair_baselines_toys_seed1/test_metrics.json
fair_baselines_toys_seed1,toys,geometric,strict,geometric:0.75,5000,0.0522,0.03062200956937799,0.3407413619590741,results/benchmark/runs/fair_baselines_toys_seed1/test_metrics.json
fair_baselines_toys_seed1,toys,geometric,budget_5pct,geometric:1.5,5000,0.0488,0.03221690590111643,0.35994632673599464,results/benchmark/runs/fair_baselines_toys_seed1/test_metrics.json
fair_baselines_toys_seed1,toys,geometric,simultaneous_ci_budget_5pct,geometric:0.1,5000,0.0508,0.02456140350877193,0.2988929889298893,results/benchmark/runs/fair_baselines_toys_seed1/test_metrics.json
fair_baselines_toys_seed1,toys,arithmetic,strict,arithmetic:0.25,5000,0.051,0.025199362041467305,0.31415632338141564,results/benchmark/runs/fair_baselines_toys_seed1/test_metrics.json
fair_baselines_toys_seed1,toys,arithmetic,budget_5pct,arithmetic:1.5,5000,0.0494,0.0328548644338118,0.3803253941630325,results/benchmark/runs/fair_baselines_toys_seed1/test_metrics.json
fair_baselines_toys_seed1,toys,arithmetic,simultaneous_ci_budget_5pct,arithmetic:0.25,5000,0.051,0.025199362041467305,0.31415632338141564,results/benchmark/runs/fair_baselines_toys_seed1/test_metrics.json
fair_baselines_toys_seed1,toys,null,strict,raw,5000,0.0508,0.024242424242424242,0.2896678966789668,results/benchmark/runs/fair_baselines_toys_seed1/test_metrics.json
fair_baselines_toys_seed1,toys,null,budget_5pct,null:1.0,5000,0.0532,0.03349282296650718,0.34728279100972825,results/benchmark/runs/fair_baselines_toys_seed1/test_metrics.json
fair_baselines_toys_seed1,toys,null,simultaneous_ci_budget_5pct,raw,5000,0.0508,0.024242424242424242,0.2896678966789668,results/benchmark/runs/fair_baselines_toys_seed1/test_metrics.json
fair_baselines_toys_seed1,toys,logcount,strict,raw,5000,0.0508,0.024242424242424242,0.2896678966789668,results/benchmark/runs/fair_baselines_toys_seed1/test_metrics.json
fair_baselines_toys_seed1,toys,logcount,budget_5pct,logcount:0.5,5000,0.0476,0.030303030303030304,0.3545790003354579,results/benchmark/runs/fair_baselines_toys_seed1/test_metrics.json
fair_baselines_toys_seed1,toys,logcount,simultaneous_ci_budget_5pct,raw,5000,0.0508,0.024242424242424242,0.2896678966789668,results/benchmark/runs/fair_baselines_toys_seed1/test_metrics.json
fair_baselines_toys_seed1,toys,mmr,strict,mmr:0.75,5000,0.0508,0.024242424242424242,0.2901710835290171,results/benchmark/runs/fair_baselines_toys_seed1/test_metrics.json
fair_baselines_toys_seed1,toys,mmr,budget_5pct,mmr:0.75,5000,0.0508,0.024242424242424242,0.2901710835290171,results/benchmark/runs/fair_baselines_toys_seed1/test_metrics.json
fair_baselines_toys_seed1,toys,mmr,simultaneous_ci_budget_5pct,mmr:0.75,5000,0.0508,0.024242424242424242,0.2901710835290171,results/benchmark/runs/fair_baselines_toys_seed1/test_metrics.json
fair_baselines_toys_seed1,toys,fusion,strict,fusion:1.0,5000,0.0634,0.03125996810207336,0.31465951023146593,results/benchmark/runs/fair_baselines_toys_seed1/test_metrics.json
fair_baselines_toys_seed1,toys,fusion,budget_5pct,fusion:1.0,5000,0.0634,0.03125996810207336,0.31465951023146593,results/benchmark/runs/fair_baselines_toys_seed1/test_metrics.json
fair_baselines_toys_seed1,toys,fusion,simultaneous_ci_budget_5pct,fusion:1.0,5000,0.0634,0.03125996810207336,0.31465951023146593,results/benchmark/runs/fair_baselines_toys_seed1/test_metrics.json
